date,FCFF,FCF,EBIT,CapEx,Depreciation And Amortization,Delta WC,Tax Provision,Revenue,EBITDA,Net Income,Total Debt,Total Equity,Cash,Operating Cash Flow,Dividends,Ordinary Shares Number,Net Debt,Current Assets,Current Liabilities,Pretax Income,Total Assets,Interest Expense,WorkingCapital,ttm,effective_tax_rate,ReinvestmentRate,capital_invested,ROCE,operating_margin,sales_to_capital,FCFE,ticker,share_price,company_name,company_sector,company_industry,EPS,EPS Growth Rate,PE Ratio,PEG Ratio,book_value,book_value_per_share,PB Ratio,graham_number,p_to_graham,dividends_per_share,dividend_yield,dividend_payout_ratio,debt_to_equity,current_ratio,interest_coverage,fcf_per_share,fcf_yield,market_cap,revenue_growth_pct,ebit_growth_pct,net_income_growth_pct,fcf_growth_pct,roce_trend_pct,cagr_revenue,cagr_ebit,cagr_net_income,cagr_fcf,cagr_eps
2025-08-03,,8186000000.0,,4893000000.0,,1518000000.0,687000000.0,56448000000.0,,7094000000.0,17039000000.0,56455000000.0,7128000000.0,13079000000.0,,15515868.0,9911000000.0,32499000000.0,15166000000.0,7918000000.0,86965000000.0,,,1,0.08676433442788584,,66366000000.0,,,0.8505560075942501,,MAERSK-B.CO,12720.0,A.P. Møller - Mærsk A/S B,Industrials,Industrial Goods,457.20935496486567,17.566457288075178,27.820953053284466,1.5837543448314109,69926000000.0,4506.741098854412,2.822438591654034,6808.9495733938065,1.8681295643169127,,,,0.24367188170351514,2.1428854015561125,,527.5889173586679,0.04147711614454937,197361840960.0,1.7411052233156754,0.0,16.123751841545264,13.584015540446792,0.0,-0.022339964646191368,-0.26641956146666523,-0.20703305698233165,-0.19031332887642882,-0.16908630095296495
2025-08-03,-74744292.23744297,410000000.0,475000000.0,323000000.0,359000000.0,512000000.0,68000000.0,5834000000.0,834000000.0,370000000.0,554000000.0,5914000000.0,640000000.0,733000000.0,,266389799.0,-86000000.0,2891000000.0,1003000000.0,438000000.0,7414000000.0,37000000.0,,1,0.1552511415525114,2.9336609336609336,5828000000.0,0.06884964100249778,0.08141926636955776,1.0010295126973232,-74744292.23744297,AMBU-B.CO,92.0,Ambu A/S B,Health Care,Medical Devices,1.3889420743171925,57.446808510638306,66.23746353513513,1.1530225133893892,6860000000.0,25.75173683734038,3.572574563848397,28.36851410548031,3.243032033962864,,,,0.08075801749271137,2.8823529411764706,12.837837837837839,1.5390979742433757,0.016729325806993215,24507861508.0,8.217399369319246,45.2599388379205,57.446808510638306,-21.75572519083969,48.82703971533484,0.09805556234999768,0.0920355729618143,0.10630835612990852,,0.09292073007323176
2025-08-03,-755724500.0,-921104000.0,1377218000.0,2048658000.0,634828000.0,374808000.0,-6141000.0,6231324000.0,2012046000.0,1321187000.0,116959000.0,11556393000.0,691509000.0,1127554000.0,,78570622.0,-574550000.0,5078084000.0,1807394000.0,1315046000.0,13552982000.0,62172000.0,,1,0.25,2.2107739205802686,10981843000.0,0.09405648031937809,0.22101530910605835,0.5674206050842285,-755724500.0,BAVA.CO,235.60000610351562,Bavarian Nordic A/S,Health Care,Biotechnology,16.815279889218644,33.72649363294893,14.011066580852688,0.4154320556811351,13436023000.0,171.00568454199077,1.3777320136142235,254.35986335303102,0.9262467867287764,,,,0.008704882389677362,2.8096164975650026,22.151740333268997,-11.723262162796674,-0.04975917597237167,18511239022.75702,9.011536673100995,31.260001391497937,33.72649363294895,-451.3049447929976,18.48853860452804,0.3461026586822189,,,,
2025-08-03,11165220486.632622,6282000000.0,11427000000.0,5030000000.0,4370000000.0,-2666000000.0,1982000000.0,75011000000.0,15797000000.0,9116000000.0,38140000000.0,30612000000.0,11542000000.0,11312000000.0,,132078587.0,24475000000.0,26347000000.0,46045000000.0,9987000000.0,113328000000.0,1440000000.0,,1,0.1984579953940122,0.7129698253043939,57210000000.0,0.16009824308045134,0.15233765714361894,1.3111518965215871,11165220486.632622,CARL-B.CO,824.5999755859375,Carlsberg A/S B,Consumer Staples,Food,69.01951487412566,0.0,11.9473452847329,inf,75188000000.0,569.2671439617991,1.4485290154762078,940.232523089637,0.8770170732621257,,,,0.5072617970952812,0.5722011076121186,7.935416666666667,47.562592413257725,0.057679594738601694,108911999615.62512,0.0,0.0,0.0,0.0,0.0,0.05698309299903426,0.007443742280406118,0.07421659042701201,-0.0693673628921353,0.09363764198491187
2025-08-03,-1570329226.9787502,4873000000.0,7321000000.0,1414000000.0,1335000000.0,6614000000.0,1950000000.0,27794000000.0,8656000000.0,4544000000.0,24264000000.0,16942000000.0,729000000.0,6287000000.0,,225366796.0,22509000000.0,10467000000.0,10967000000.0,6494000000.0,49152000000.0,827000000.0,,1,0.300277178934401,1.743250791286539,40477000000.0,0.12655757029970727,0.26340217313089154,0.6866615608864294,-1570329226.9787502,COLO-B.CO,593.4000244140625,Coloplast A/S B,Health Care,Medical Devices,20.162686254811025,-10.067931883410763,29.430603487790282,-2.9232024837478274,24888000000.0,110.43330446957235,5.373379228886172,223.82855398115578,2.6511363892563105,,,,0.9749276759884281,0.9544086805872162,8.852478839177751,21.622528635496064,0.036438368294383995,133732662248.51904,2.826489086200512,1.8219749652294892,-10.055423594615998,243.16901408450704,-11.359137173681177,0.09368414738401487,0.04000089252960248,-0.014888812374977967,0.10035760421901996,-0.028917770598240522
2025-08-03,,-96926000000.0,,2516000000.0,,,7529000000.0,56319000000.0,,23372000000.0,1118727000000.0,172770000000.0,219547000000.0,-94410000000.0,24016000000.0,824856754.0,895553000000.0,,,30900000000.0,3739632000000.0,42742000000.0,,1,0.2436569579288026,,1071950000000.0,,,0.05253883110219693,,DANSKE.CO,254.89999389648438,Danske Bank A/S,Financials,Banks,28.33461675213488,-0.013132131621018672,8.996062876949937,-685.0420888678318,2620905000000.0,3177.406243314824,0.08022266414084979,1423.2667472504017,0.17909502515176703,29.115358374091702,0.11422267191546318,1.0275543385247303,0.42684759653631094,,,-117.50646343134629,-0.46099045211851203,210255981560.0739,-0.1701675086413168,,-1.0876465360362242,2.319247537712843,,0.04427623671283265,,0.1597338702334561,,0.16962277503428047
2025-08-03,2751423035.522066,3301000000.0,4368000000.0,779000000.0,1435000000.0,1304000000.0,824000000.0,22419000000.0,5803000000.0,2387000000.0,15681000000.0,9644000000.0,1112000000.0,4080000000.0,,213014319.0,11798000000.0,9921000000.0,6095000000.0,3716000000.0,32450000000.0,652000000.0,,1,0.2217438105489774,0.9926636568848759,24213000000.0,0.1403966065965418,0.1948347383915429,0.9259075703134679,2751423035.522066,DEMANT.CO,244.8000030517578,Demant A/S,Health Care,Medical Devices,11.205819454794492,0.0,21.84579218318731,inf,16769000000.0,78.72240738896055,3.109661037704581,140.88418788341053,1.737597431830628,,,,0.9351183731886219,1.6277276456111567,6.699386503067485,15.496610817040896,0.06330314797326397,52145905941.26811,0.0,0.0,0.0,0.0,0.0,0.05781684336896298,0.051728404822245055,-0.01277764161177286,0.03586809726834095,0.006487792499948464
2025-08-03,-66487544127.30856,14595000000.0,16361000000.0,2143000000.0,6691000000.0,83263000000.0,3461000000.0,191272000000.0,23052000000.0,10160000000.0,108138000000.0,113926000000.0,16422000000.0,16738000000.0,,235485523.0,62830000000.0,89158000000.0,93119000000.0,13699000000.0,299781000000.0,2662000000.0,,1,0.25264617855317906,7.139302325581395,205642000000.0,0.05945991515688156,0.08553787276757706,0.9301212787271083,-66487544127.30856,DSV.CO,1435.5,DSV A/S,Industrials,Transportation,43.14490279727302,0.2736037945066272,33.27160120733268,121.60504304163362,191643000000.0,813.8207290135623,1.7639019858095522,888.8334295992474,1.6150382649842847,,,,0.564267935692929,0.957463031175163,6.146130728775357,61.97833231557084,0.043175431776782194,338039468266.5,14.461479539932732,6.274764533939581,0.5045009397566469,58.26284970722186,-41.13535386906187,0.01207479497434738,0.00837807101592647,-0.02417832204530712,0.08022060498183547,-0.025512817491556206
2025-08-03,16145667103.395567,7509000000.0,9280000000.0,330000000.0,416000000.0,-8109000000.0,1312000000.0,21638000000.0,9696000000.0,7847000000.0,143000000.0,5296000000.0,1619000000.0,7839000000.0,,63342626.0,-1476000000.0,4037000000.0,756000000.0,9159000000.0,6586000000.0,121000000.0,,1,0.14324707937547768,-0.9240712851405622,3820000000.0,2.0813264668574787,0.4288751270912284,5.664397905759162,16145667103.395567,GMAB.CO,1387.0,Genmab A/S,Health Care,Biotechnology,123.88182327647736,0.35024510241890017,11.19615423244552,31.96662610018368,6443000000.0,101.7166544374084,13.635918401676237,532.4650258082823,2.6048659212772387,,,,0.02219462983082415,5.33994708994709,76.69421487603306,118.5457641115163,0.08546918825632034,87856222262.0,0.5203010313109768,-0.04308487720809939,0.038245792962765535,0.5624748895138643,629.8916116340936,0.26623684743867915,0.23954196100358782,0.27633030745907816,0.3962037207297562,0.2881335859818688
2025-08-03,-5496659010.600706,820000000.0,1461000000.0,1393000000.0,1393000000.0,6635000000.0,250000000.0,17668000000.0,2854000000.0,805000000.0,11771000000.0,10752000000.0,787000000.0,2213000000.0,,145613000.0,10535000000.0,8889000000.0,7893000000.0,1132000000.0,29943000000.0,329000000.0,,1,0.22084805653710246,7.779521056977704,21736000000.0,0.05237122696905103,0.08269187231152365,0.812845049687155,-5496659010.600706,GN.CO,91.0,GN Store Nord A/S,Health Care,Medical Devices,5.52835255093982,-18.52226720647773,16.4606,-0.8886925027322407,18172000000.0,124.79654975860672,0.7291868258859784,124.59207356267025,0.7303835420495404,,,,0.647754787585296,1.1261877613074875,4.4407294832826745,5.631365331392114,0.061883135509803455,13250783000.0,-1.7625799277175447,-16.034482758620694,-18.52226720647774,-37.925813777441334,-17.488044218088948,0.028737344722080227,-0.11316549838521206,-0.17715536435015744,0.08669866010325689,-0.20369232304457907
2025-08-03,3646636396.658191,2729000000.0,3445000000.0,652000000.0,1481000000.0,-166000000.0,634000000.0,81026000000.0,5003000000.0,1725000000.0,18341000000.0,11913000000.0,6829000000.0,3381000000.0,,176448461.0,11512000000.0,21370000000.0,22300000000.0,2753000000.0,50641000000.0,692000000.0,,1,0.23029422448238285,0.6997509782995376,23425000000.0,0.11319685791497079,0.042517216695875396,3.4589541088580575,3646636396.658191,ISS.CO,186.0,ISS A/S,Industrials,Facility Services,9.776225818144143,-33.165439752034096,19.025747099130434,-0.5736618371828931,32300000000.0,183.05628633394542,1.0160809209287924,200.66387525962125,0.926923193122584,,,,0.5678328173374613,0.9582959641255605,4.978323699421965,15.466272613168329,0.08315200329660391,32819413746.0,-3.265242774083399,-15.210435638690623,-33.165439752034096,-11.768509537665695,-18.476829088249957,0.03225697285634377,0.2458429449742734,0.2941317609286098,0.012861946144703928,0.3090000406802047
2025-08-03,,3451000000.0,,,,,1843000000.0,14062000000.0,,5282000000.0,442158000000.0,50166000000.0,78785000000.0,5900000000.0,1543000000.0,61322000.0,363170000000.0,,,7125000000.0,782350000000.0,15663000000.0,,1,0.25866666666666666,,413539000000.0,,,0.03400404798580061,,JYSK.CO,648.5,Jyske Bank A/S,Financials,Banks,86.13548155637454,-0.27612733966426717,7.528836993563044,-27.26581512253395,340192000000.0,5547.633801898177,0.11689668481328191,3278.9605751000895,0.1977760894487744,25.162258243371056,0.03880070662046423,0.2921241953805377,1.2997307402878375,,,56.276703303871365,0.08677980463202986,39767317000.0,-0.38254463020686025,,-0.5647590361445798,-109.68538632090035,,0.11189766079105135,,0.13561069968023087,,0.16465382644494198
2025-08-03,-702304498.2698963,252000000.0,291000000.0,598000000.0,110000000.0,461000000.0,44000000.0,3385000000.0,401000000.0,349000000.0,241000000.0,1986000000.0,1194000000.0,850000000.0,,53669396.0,-953000000.0,2501000000.0,1698000000.0,289000000.0,4930000000.0,,,1,0.1522491349480969,4.732793522267206,1033000000.0,0.23881461929342093,0.08596750369276218,3.276863504356244,-702304498.2698963,NKT.CO,565.5,NKT A/S,Industrials,Industrial Goods,6.502774877511198,3.5608308605341144,86.96287518051575,24.42207411319491,4689000000.0,87.36822750902581,6.472604699936021,113.06218680935487,5.001672229757456,,,,0.051396886329707826,1.4729093050647821,,4.695413378604075,0.008303118264551856,30350043438.0,4.089790897908974,3.1914893617021267,3.5608308605341144,-53.67647058823529,-43.661538558862745,0.16654517052686102,0.8186655408630781,2.0374587767159698,,1.9353178432610965
2025-08-03,87567057480.38638,74359000000.0,137055000000.0,56886000000.0,9461000000.0,-26622000000.0,27691000000.0,303141000000.0,146516000000.0,104615000000.0,118723000000.0,138540000000.0,38938000000.0,131245000000.0,,4441340468.0,79785000000.0,174395000000.0,236117000000.0,132306000000.0,489162000000.0,4749000000.0,,1,0.2092951188910556,0.3632365312168538,218325000000.0,0.49637035374046207,0.4521163419003038,1.3884850566815528,87567057480.38638,NOVO-B.CO,308.79998779296875,Novo Nordisk A/S B,Health Care,Pharmaceuticals,23.554825565334255,3.591515823662217,13.109839719952378,3.650224686072652,370439000000.0,83.40702602491857,3.7023258412392273,210.24831474034613,1.4687394197396189,,,,0.32049271270033663,0.7385956962014595,28.859759949463044,16.742467850811927,0.05421783844770329,1371485882302.818,4.386318323157812,6.383556752644948,3.591515823662217,6.747153993023147,11.909065452034406,0.21132451330114832,0.2326329916946892,0.2165759602617321,0.11788579601087923,0.22863026071892745
2025-08-03,-248076202.88168514,585500000.0,820400000.0,364300000.0,0.0,495606716.869974,156300000.0,4057600000.0,820400000.0,458500000.0,1699000000.0,11230700000.0,249500000.0,949800000.0,,466228115.0,1449500000.0,1945900000.0,1170200000.0,614800000.0,15057400000.0,,,1,0.25422901756668836,1.2948452294382984,12680200000.0,0.04825085676789711,0.2021884858044164,0.3199949527609975,-248076202.88168514,NSIS-B.CO,420.79998779296875,Novozymes A/S B,Health Care,Chemicals,0.9834241763819842,49.93459777632441,427.8926610703137,8.569061935514204,13358400000.0,28.652068741071094,14.686548171992069,25.179070372531157,16.712292454293152,,,,0.12718589052581147,1.6628781404888053,,1.2558230213122175,0.0029843703843691065,196188785100.73883,5.845832789878691,24.491654021244315,49.93459777632439,-11.301317982123916,26.75927904331372,0.19193674177596254,0.1095360817673765,0.020348698987683322,0.1145406994080258,-0.10409834110238725
2025-08-03,7231241667.848532,6491000000.0,7852000000.0,1753000000.0,2416000000.0,-596000000.0,1688000000.0,32193000000.0,10268000000.0,5363000000.0,15213000000.0,3833000000.0,744000000.0,8244000000.0,,78223450.0,9251000000.0,7597000000.0,9444000000.0,7051000000.0,26448000000.0,801000000.0,,1,0.23939866685576514,0.5796560674886437,18302000000.0,0.32631634071951326,0.24390395427577424,1.7589880887334717,7231241667.848532,PNDORA.CO,1074.5,Pandora A/S,Consumer Discretionary,Apparel,68.56000342608259,3.3811149989555256,15.67240295077382,4.635276515473519,11235000000.0,143.6270069908704,7.4811835358255445,470.70057579725926,2.2827675495829647,,,,1.354072096128171,0.8044260906395595,9.80274656679151,82.98023163130749,0.0772268326024267,84051097025.0,1.6193181818181746,1.6177041542642767,2.601874880428534,-7.824481681340534,-7.586275209234161,0.08308923916965849,0.09254031114299144,0.06556173566013612,0.035619906360756515,0.121697440397601
2025-08-03,,377000000.0,715000000.0,,268000000.0,2000000.0,144000000.0,3896000000.0,983000000.0,550000000.0,,3202000000.0,499000000.0,764000000.0,,1094077970.0,,1516000000.0,746000000.0,694000000.0,4177000000.0,,,1,0.207492795389049,,,,0.18352156057494867,,,ROCK-B.CO,273.0,Rockwool International A/S B,Materials,Construction Materials,0.5027064021771684,-80.67786156045167,543.0605196545454,-6.731221045659865,,,,,,,,,,2.032171581769437,,0.3445823884014409,0.001262206550921029,298683285810.0,1.0635538261997368,0.28050490883591017,0.0,-12.32558139534884,0.0,0.05982806104361349,0.1541180915163438,0.16072680875009016,0.32047418805014605,-0.22660261467280096
2025-08-03,1046297425.1182344,1314000000.0,2188000000.0,924000000.0,0.0,-256000000.0,412000000.0,15043000000.0,2188000000.0,1491000000.0,6594000000.0,6564000000.0,96000000.0,2238000000.0,,49982658.0,6498000000.0,3952000000.0,5789000000.0,1903000000.0,18760000000.0,285000000.0,,1,0.2165002627430373,0.3761261261261261,13062000000.0,0.1312431040513118,0.145449710828957,1.1516613076098607,1046297425.1182344,RBREW.CO,485.0,Royal Unibrew A/S,Consumer Staples,Food,29.830346357330576,1.993809319709694,16.258611086519114,8.154546638836269,12166000000.0,243.4044223898617,1.99256856238698,404.189138965782,1.1999332818318489,,,,0.5420023014959724,0.682674036966661,7.67719298245614,26.289118117727952,0.05420436725304732,24241589130.0,0.04655493482308426,0.6902899217671399,1.8442622950819665,-4.087591240875909,-6.871321247282536,0.14519975285374653,0.06796084806646507,0.03506380744619375,-0.002458182530767683,0.024211170895940493
2025-08-03,,6151000000.0,,94000000.0,112000000.0,,820000000.0,7368000000.0,,2546000000.0,13358000000.0,14870000000.0,17052000000.0,6245000000.0,1391000000.0,50963704.0,-3694000000.0,,,3366000000.0,191615000000.0,2316000000.0,,1,0.24361259655377301,,11176000000.0,,,0.6592698639942735,,SYDB.CO,476.6000061035156,Sydbank A/S,Financials,Banks,49.957122425795426,-7.04007417814887,9.540181318718682,-1.3551251133588476,178257000000.0,3497.7245766908936,0.13626001580559396,1982.8176252527262,0.24036502401110596,27.2939345224986,0.0572680112735258,0.5463472113118617,0.0749367486269824,,,120.69373921487339,0.25323906351075287,24289301637.457764,-2.384737678855331,,-7.820419985517746,-712.6494023904382,,0.11599950479463406,,0.15899842661049246,,0.19906200083903292
2025-08-03,,7356000000.0,,966000000.0,,,1647000000.0,41331000000.0,,4973000000.0,9577000000.0,38096000000.0,3038000000.0,,4870000000.0,603075744.0,6539000000.0,,,6693000000.0,103698000000.0,,,1,0.2460779919318691,,44635000000.0,,,0.9259773720174751,,TRYG.CO,158.0,Tryg A/S,Financials,Insurance,8.246062040260071,6.625767117911119,19.160661080233258,2.891840407194083,94121000000.0,156.0682898233095,1.0123773392972875,170.16564873383447,0.928507023454167,8.075270890019414,0.051109309430502625,0.9792881560426302,0.10175200008499698,,,12.197472826895853,0.07719919510693578,95285967552.0,2.6729598807601507,0.0,4.871362294390558,52.582451773490966,0.0,0.14669202283834415,0.22447147459032557,0.12021551508041539,0.19164452708160606,0.1429078268469235
2025-08-03,-282778457.7723379,1851000000.0,981000000.0,1264000000.0,0.0,-292000000.0,243000000.0,18082000000.0,981000000.0,572000000.0,3332000000.0,3365000000.0,3375000000.0,3115000000.0,,1007603731.0,-43000000.0,16443000000.0,16198000000.0,817000000.0,25277000000.0,,,1,0.2974296205630355,1.3170731707317074,3322000000.0,0.20747186701615355,0.054252848136268114,5.44310656231186,-282778457.7723379,VWS.CO,117.44999694824219,Vestas Wind Systems A/S,Energy,Renewable Energy,0.5676834874681503,14.4198056079466,206.89345302620183,14.347866999828698,21945000000.0,21.77939533651846,5.392711557575185,16.678895938898453,7.041832827455071,,,,0.1518341307814992,1.015125324114088,,1.8370317050761298,0.01564096852114583,118343055130.98744,4.550448106389138,9.121245828698555,14.62925851703407,57.2642310960068,-0.27189603516645233,0.03781748266718821,0.373061472887561,0.4373840044215318,0.9817838876454457,0.4365060116392283
2025-08-03,-7772378403.509598,-1226306000.0,-1154672000.0,18375000.0,25188000.0,6629022000.0,-4641000.0,55694000.0,-1129484000.0,-1185524000.0,394640000.0,8308484000.0,776151000.0,-1207931000.0,,70693408.0,-381511000.0,8958084000.0,356851000.0,-1190165000.0,9122227000.0,35493000.0,,1,0.0038994593186658993,-5.80209142188341,7926973000.0,-0.1450956630620033,-20.732430782490034,0.00702588491218527,-7772378403.509598,ZEAL.CO,327.5,Zealand Pharma A/S,Health Care,Pharmaceuticals,-16.769937021567838,9.823090932981504,-19.528994031331294,-1.9880701669737932,8727587000.0,123.45687167889827,2.652748247596959,,,,,,0.045217538364269526,25.103149493766306,-32.53238666779365,-17.346822492982657,-0.05296739692513788,23152091120.0,-11.161091703753334,10.031846830277935,9.889991731768188,29.910250814649707,18.42025214170495,-0.15365263461493994,,,,
2025-08-03,-33525693102.400486,-32598000000.0,7360000000.0,47980000000.0,10357000000.0,1033000000.0,997000000.0,61677000000.0,17717000000.0,1829000000.0,91775000000.0,96677000000.0,7831000000.0,15382000000.0,,420234763.0,75345000000.0,65195000000.0,52641000000.0,3291000000.0,287287000000.0,4069000000.0,,1,0.3029474323913704,9.33050447901933,180621000000.0,0.028403712179644193,0.11933135528641146,0.34147192186955005,-33525693102.400486,ORSTED.CO,308.20001220703125,Ørsted A/S,Utilities,Electric Utilities,4.352329128944527,-987.8640776699027,70.81266215769213,-0.07168259658223382,195512000000.0,465.2447089437958,0.6624471085479096,213.4483713302271,1.4439089428806808,,,,0.4694085273538197,1.2384833114872438,1.8087982305234702,-77.57092670603265,-0.251690212957957,129516359086.41888,4.834021722502668,11.295932254649932,-987.8640776699029,34.1591900567948,11603.311875916761,-0.02814821455663774,-0.16496951977709695,-0.3608821062135805,,-0.3609061591987641
2025-08-03,1875479264.2720804,3727000000.0,5875000000.0,898000000.0,808000000.0,2361000000.0,1519000000.0,33576000000.0,6683000000.0,4187000000.0,9690000000.0,14600000000.0,3266000000.0,4625000000.0,,1825948058.0,5547000000.0,21636000000.0,15737000000.0,5763000000.0,42799000000.0,112000000.0,,1,0.2635779975707097,0.9336547291092746,21024000000.0,0.20578763623820778,0.17497617345723135,1.5970319634703196,1875479264.2720804,ABB.ST,624.5999755859375,ABB Ltd,Industrials,Industrial Machinery,2.293055370143503,7.117578077630804,272.38765522999523,38.26971088466987,33109000000.0,18.132498268469366,34.44643790051013,30.5863287580286,20.420887401270292,,,,0.29266966685795404,1.3748490817817882,52.455357142857146,2.041131446029337,0.0032679018985144062,1140487112447.99,2.210045662100457,10.183795948987239,6.40406607369759,-2.6892950391644854,-5.221167048722897,0.037800440207432784,-0.0025370183233469623,-0.020355775639818496,0.1038788636040644,-0.0030610932630067422
2025-08-03,,2351000000.0,2859000000.0,,0.0,415000000.0,592000000.0,22197000000.0,2859000000.0,1956000000.0,6045000000.0,7750000000.0,1023000000.0,2584000000.0,755000000.0,269886892.0,5022000000.0,8461000000.0,5260000000.0,2599000000.0,19000000000.0,,,1,0.2277799153520585,,12772000000.0,0.1728607283125951,0.12880118934991214,1.7379423739430002,,ADDT-B.ST,322.0,Addtech AB B,Industrials,Industrial Machinery,7.247480548258713,3.373156317800863,44.42923273210634,13.171412334982472,12955000000.0,48.00159023654991,6.708111094094944,88.47337627393802,3.639512964928557,2.7974682075333988,0.008687789464389438,0.38599182004089977,0.466615206483983,1.608555133079848,,8.711056630345723,0.027052970901694794,86903579224.0,1.8397871169021807,2.6202440775305202,3.3826638477801207,-5.048465266558965,-2.825040079959429,0.12136568217332977,0.17813501468765702,0.1616923843196154,0.23981642939255754,0.16134553372434857
2025-08-03,5503342814.510864,7992000000.0,11207000000.0,3087000000.0,2296000000.0,2142000000.0,2651000000.0,67802000000.0,13503000000.0,8026000000.0,16810000000.0,40673000000.0,9342000000.0,11079000000.0,,413326315.0,4941000000.0,45229000000.0,33906000000.0,10723000000.0,90962000000.0,484000000.0,,1,0.24722558985358575,0.8794997662459093,48141000000.0,0.17524236751440278,0.16529010943629982,1.4084044785110406,5503342814.510864,ALFA.ST,418.1000061035156,Alfa Laval AB,Industrials,Automobiles,19.41807165120856,8.591530239480427,21.531489512116078,2.5061297477803204,74152000000.0,179.4030462347891,2.330506727050432,279.96852883891233,1.4933821591929037,,,,0.22669651526594023,1.3339526927387484,23.15495867768595,19.335812189940047,0.04624685938213733,172811734824.24362,1.268053709318484,6.845266469634859,8.591530239480448,-9.41856511390683,8.994134759673699,0.1346204382589813,0.1521927462094803,0.13958273950389888,0.18632309181661033,0.14100618119321529
2025-08-03,19525499082.56881,17737000000.0,23336000000.0,2816000000.0,5935000000.0,860000000.0,5103000000.0,152949000000.0,29271000000.0,14533000000.0,73150000000.0,99434000000.0,2086000000.0,20553000000.0,,,64783000000.0,53553000000.0,48541000000.0,19620000000.0,214384000000.0,,,1,0.26009174311926603,0.5271211539516262,170498000000.0,0.10127097726993167,0.1525737337282362,0.8970721064176705,19525499082.56881,ASSA-B.ST,318.70001220703125,Assa Abloy AB B,Industrials,Building Products,,0.0,,,141234000000.0,,,,,,,,0.5179347749125565,1.1032529202117798,,,,,1.855995524833176,-4.20361247947455,-7.072063431165676,-5.799564501566734,-2.0950194517022735,0.12641327293040527,0.13254879772807238,0.07456377024570804,0.13351831471408815,0.12787462826050588
2025-08-03,6186383118.826698,8184000000.0,11634000000.0,5205000000.0,5204000000.0,3449000000.0,1721000000.0,56501000000.0,16838000000.0,8295000000.0,32839000000.0,44810000000.0,7058000000.0,13389000000.0,4936000000.0,1550228326.0,24148000000.0,28939000000.0,33536000000.0,10023000000.0,112422000000.0,1611000000.0,,1,0.1717050783198643,1.3979622717643498,70591000000.0,0.1365100808718774,0.20590786003787542,0.8003994843535295,6186383118.826698,AZN.ST,1426.5,AstraZeneca PLC,Health Care,Pharmaceuticals,5.350824688775555,17.900983684929628,266.59441917287523,14.892724548836616,79583000000.0,51.33630876513864,27.787350401957706,78.61654239630452,18.14503610205903,3.18404709629851,0.002232069468137757,0.5950572634116938,0.4126383775429426,0.8629234255725191,7.221601489757914,5.2792223330848875,0.003700821824805389,2211400707039.0,4.490226175725409,12.156560300780871,17.910447761194035,12.494845360824748,6.39400560051262,0.10852831982462563,0.8418085129250468,1.9335911847135847,0.214389072392543,1.933199548004246
2025-08-03,23125718911.270187,29680000000.0,37005000000.0,6697000000.0,9076000000.0,8101000000.0,7945000000.0,173033000000.0,46081000000.0,28088000000.0,35082000000.0,100703000000.0,20479000000.0,36377000000.0,14127000000.0,4868336133.0,14603000000.0,91317000000.0,59022000000.0,36042000000.0,198906000000.0,,,1,0.22043726763220686,0.8215416379903647,115306000000.0,0.25018402261174777,0.21386093982072785,1.5006417705930306,23125718911.270187,ATCO-A.ST,145.10000610351562,Atlas Copco AB A,Industrials,Electrical Components & Equipment,5.769527664617401,-5.643871758708885,25.149373490895247,-4.456049776837687,163824000000.0,33.65092210653237,4.311917683686551,66.09367092055248,2.195369149308294,2.9018127783412857,0.01999870886477501,0.5029549985759043,0.2141444476999707,1.5471688522923654,,6.09653877406168,0.04201611659280259,706395602612.2656,-2.1146002455153856,-4.424298775763214,-5.687999462762738,-3.8330687230664573,6.164522420551077,0.1176031063222529,0.11663629352690985,0.1156571500301602,0.10659338048607858,0.1159105979685684
2025-08-03,1187123311.9763432,3952000000.0,11462000000.0,14867000000.0,7651000000.0,684000000.0,2102000000.0,91384000000.0,19113000000.0,8038000000.0,27382000000.0,70616000000.0,7603000000.0,18819000000.0,,284085454.0,19779000000.0,37512000000.0,25868000000.0,10145000000.0,136206000000.0,1317000000.0,,1,0.20719566288812222,2.478846153846154,90395000000.0,0.10052683568755288,0.12542677055064344,1.0109408706233751,1187123311.9763432,BOL.ST,298.29998779296875,BillerudKorsnäs AB,Materials,Forestry Products,28.294303304948517,-22.79309318654127,10.542757832839014,-0.4625417773075327,108824000000.0,383.0678356379345,0.778713220065059,493.83129141233286,0.604052422315819,,,,0.2516172903036095,1.4501314365238904,8.703113135914958,13.911307123806488,0.046635292299983096,84742687460.35999,2.440391449101531,-16.929989853601967,-19.79644781480743,47.95956570572819,-32.06197546842521,0.0741861525908527,0.011420679835132175,-0.019619401003479142,-0.13791155423027113,-0.028872560447392948
2025-08-03,7940755034.129692,9064000000.0,12609000000.0,2091000000.0,3183000000.0,2835000000.0,2719000000.0,63616000000.0,15792000000.0,8979000000.0,21346000000.0,38596000000.0,7659000000.0,11155000000.0,,1208866260.0,13687000000.0,44346000000.0,21698000000.0,11720000000.0,79352000000.0,,,1,0.2319965870307167,0.8199191102123357,52283000000.0,0.18521804475890238,0.1982048541247485,1.2167626188244745,7940755034.129692,EPI-A.ST,196.14999389648438,Epiroc AB A,Industrials,Industrial Machinery,7.427620653421165,2.7987971184927796,26.408186827115035,9.435548812247058,58006000000.0,47.98380260856978,4.087837629222252,89.54955820055557,2.1904071649039967,,,,0.367996414164052,2.043782837127846,,7.4979344696079115,0.038225514672026194,237119109520.6659,0.018866737941003464,1.923854175086892,2.840453556293676,5.346350534635058,12.59896358115169,0.125497368823567,0.08495022220950976,0.062029497726905136,0.07924390899151912,0.06145722204525095
2025-08-03,-1535289655.1724138,447000000.0,1116000000.0,17000000.0,436000000.0,2917600000.0,123000000.0,2653000000.0,1552000000.0,776000000.0,2222000000.0,8096000000.0,1024000000.0,464000000.0,373000000.0,1180449205.0,996000000.0,5954000000.0,869000000.0,899000000.0,11481000000.0,,,1,0.13681868743047831,3.3943605236656595,9294000000.0,0.10364862759065915,0.42065586128910665,0.28545298041747363,-1535289655.1724138,EQT.ST,322.20001220703125,EQT AB,Financials,Private Equity,0.6573768669698922,0.0,490.12983023296437,inf,9259000000.0,7.843624241332773,41.07795099479213,10.771020630041045,29.913600880904028,0.3159814064172291,0.000980699548248911,0.4806701030927835,0.23998271951614644,6.851553509781358,,0.3786694066179663,0.0011752619251133062,380340748260.78033,0.0,0.0,0.0,0.0,0.0,0.1354711149149035,0.05942416121944061,-0.038882039899719056,-0.06966818856487389,-0.08110700902834178
2025-08-03,13706812435.315659,36834000000.0,28280000000.0,3584000000.0,-5681000000.0,-3156000000.0,7519000000.0,245864000000.0,28280000000.0,17309000000.0,43757000000.0,85699000000.0,33620000000.0,40418000000.0,,3333286661.0,3609000000.0,131478000000.0,120743000000.0,25122000000.0,270555000000.0,3158000000.0,,1,0.2992994188360799,-0.2530224940995135,95836000000.0,0.2067679414344887,0.11502293951127453,2.565466004424225,13706812435.315659,ERIC-B.ST,70.26000213623047,Telefonaktiebolaget LM Ericsson B,Information Technology,Communications Equipment,5.192772707645621,86429.04554338599,13.530344209516928,0.00015654857836796212,226798000000.0,68.04035268060613,1.032622544830768,89.1608487196862,0.7880140571241272,,,,0.1929338001216942,1.0889078455893924,8.955034832172261,11.050354723751736,0.15727802999956755,234196727922.52853,-0.8132967564950744,360.36138694448965,86445.0,-13.57781375378334,2105.00883620341,0.014273059300319524,-0.01841777884072493,-0.06547648922114713,0.01694258786399172,-0.06569694720956099
2025-08-03,13890800750.968994,7952000000.0,18385000000.0,7084000000.0,7135000000.0,-80000000.0,4154000000.0,143240000000.0,25520000000.0,12295000000.0,,81207000000.0,3927000000.0,15036000000.0,,689762261.0,,54268000000.0,37384000000.0,16512000000.0,167414000000.0,,,1,0.25157461240310075,0.9935352399690816,,,0.1283510192683608,,13890800750.968994,ESSITY-B.ST,240.89999389648438,Essity AB B,Consumer Staples,Household Products,17.824982164398236,-40.696222129108364,13.514739688078508,-0.33208831142122064,,,,,,,,,,1.4516370639845924,,11.528609855331009,0.047856414061533334,166163724464.92526,-1.5843788218157795,-1.3362670387463749,-41.138452700114904,-15.449229133439657,0.0,0.09002370589671993,0.13557651185056763,0.09283681477224892,-0.04212881792729539,0.09778601813336674
2025-08-03,1511087917.0437534,1138743000.0,1432372000.0,134347000.0,150834000.0,-258135000.0,191507000.0,2098437000.0,1583206000.0,1208701000.0,89884000.0,3728860000.0,494891000.0,1273090000.0,572494000.0,203367770.0,-405007000.0,1574460000.0,969294000.0,1400208000.0,4953773000.0,,,1,0.13677039411287467,0.021796085794989786,3323853000.0,0.3719977739821086,0.6825899467079546,0.6313266561427355,1511087917.0437534,EVO.ST,863.0,Evolution AB,Consumer Discretionary,Leisure Products,5.943424565259284,-1.3125155804988298,145.20248225988064,-110.62914941146491,4863889000.0,23.916715023231067,36.0835507368692,56.553618900659124,15.25985457298369,2.8150675006172317,0.003261955388895981,0.4736440194886907,0.01847986251330982,1.6243368884982265,,5.599427087192823,0.00648832802687465,175506385510.0,1.7135503384494655,-0.8940741468517865,-2.8387117518679394,-2.1942967866280805,-2.3974041104325883,0.1837287861225123,0.21825168250852167,0.18867420794144008,0.2065674741746757,0.20279546355137068
2025-08-03,,72365000000.0,,1489000000.0,,,7425000000.0,60093000000.0,,25864000000.0,1571305000000.0,188548000000.0,631766000000.0,73854000000.0,29700000000.0,1980028494.0,939539000000.0,,,33538000000.0,3660767000000.0,106104000000.0,,1,0.22139066133937624,,1128087000000.0,,,0.05326982759308457,,SHB-A.ST,118.6500015258789,Handelsbanken A,Financials,Banks,13.062438282264438,-5.78121015627846,9.083296622115052,-1.5711756494875884,2089462000000.0,1055.2686521085993,0.11243582502787021,556.9098552602401,0.21305064079075164,14.999784139470066,0.12642042938531647,1.1483142592019795,0.7520141548398583,,,36.54745384689398,0.30802741994843186,234930383834.38373,-3.564207080270887,,-5.78121015627846,68.67512004102372,,0.0822374834588504,,0.0727908021803576,0.1101226726813953,0.0727908021803576
2025-08-03,25709284828.316444,15865000000.0,16312000000.0,12053000000.0,22110000000.0,-3525000000.0,3392000000.0,233251000000.0,38422000000.0,9872000000.0,56414000000.0,36520000000.0,16262000000.0,27918000000.0,,1604491375.0,40152000000.0,72459000000.0,72739000000.0,13222000000.0,168293000000.0,,,1,0.2565421267584329,2.371362229102167,76672000000.0,0.15817097282340936,0.06993324787460718,3.0421927170283807,25709284828.316444,HM-B.ST,128.35000610351562,Hennes & Mauritz AB B,Consumer Discretionary,Textile Apparel & Luxury Goods,6.1527286178151,-15.050339901901733,20.860664280215577,-1.386059345914152,111879000000.0,69.72863908352265,1.8407071726980773,98.2495870033866,1.3063668766270895,,,,0.5042411891418407,0.9961506207124101,,9.887868671154434,0.07703831866731478,205936477774.28818,-0.5232900314741662,-10.353923939327325,-15.050339901901733,-21.878077604884773,22.634384956583943,0.040544398491715095,0.013534362526664179,-0.026906756928665287,-0.21203964424652244,-0.019326741085621046
2025-08-03,561930795.0438824,912800000.0,1317100000.0,634100000.0,619600000.0,503700000.0,209100000.0,5440500000.0,1936700000.0,941900000.0,4399400000.0,10043800000.0,575500000.0,1546900000.0,,2684377888.0,3627500000.0,2722200000.0,3460300000.0,1162200000.0,17072600000.0,154900000.0,,1,0.17991739803820342,1.5861010830324909,13867700000.0,0.07788824354751563,0.24209171951107436,0.3923145150241208,561930795.0438824,HEXA-B.ST,106.0,Hexagon AB B,Information Technology,Electronic Equipment & Instruments,0.35088204392182804,-7.963650576509684,302.0958234717061,-37.93433935471701,12673200000.0,4.721093873054582,22.452423707350945,6.105105160748236,17.362518287401414,,,,0.3471420004418774,0.7866947952489669,8.502905100064558,0.3400415433611261,0.00320793908831251,284544056128.0,0.7294810316416989,-8.12639508928571,-7.963650576509673,-4.508839836803014,-3.844201932500846,0.058058684244322034,0.07037550829390615,0.04114632881055735,0.0038994641740803804,0.042283784160024096
2025-08-03,,9247000000.0,,,,,49000000.0,13175000000.0,,13113000000.0,,165216000000.0,2595000000.0,,3563000000.0,431899108.0,,,,13162000000.0,172000000000.0,185000000.0,,1,0.0037228384743959887,,,,,,,INDU-C.ST,357.5,Industrivärden C,Financials,Investment Banking & Brokerage,30.36125742588938,3.62731152204836,11.774874636620149,3.246171321389794,,,,,,8.24961185147898,0.02307583734679435,0.27171509189354076,,,,21.410092840478846,0.05988837158175901,154403931110.0,3.4550451511582203,,3.62731152204836,11.544028950542828,,-0.16177093219904848,,-0.16202782279002148,0.0725362765970543,-0.16202782279002148
2025-08-03,,19678000000.0,,4601000000.0,,,1349000000.0,79862000000.0,,23366000000.0,110178000000.0,840301000000.0,37467000000.0,,15164000000.0,3062856046.0,72711000000.0,,,24641000000.0,985316000000.0,2045000000.0,,1,0.054746154782679274,,913012000000.0,,,0.08747092042601849,,INVE-B.ST,280.5,Investor AB B,Financials,Asset Management & Custody Banks,7.628827358868305,-79.38261021523121,36.76842938042455,-0.46317989898207906,875138000000.0,285.7261284424074,0.9817093085924733,221.45991596813076,1.266594899459663,4.9509346088281685,0.01765039076231076,0.6489771462809211,0.12589785839490458,,,6.424722450047526,0.022904536363805798,859131120903.0,-52.718919654962136,,-79.38379007923203,2.6928295585012085,,-0.25893208522036926,,-0.4342410503122883,0.17123343616643605,-0.43421326546386674
2025-08-03,5248392857.142857,3916000000.0,5084000000.0,498000000.0,1759000000.0,-160000000.0,1135000000.0,27281000000.0,6843000000.0,3416000000.0,11292000000.0,18053000000.0,1210000000.0,4414000000.0,,454216300.0,10082000000.0,10739000000.0,12347000000.0,4592000000.0,40039000000.0,,,1,0.24716898954703834,0.5310205115219043,28135000000.0,0.1360367107568103,0.18635680510245226,0.9696463479651679,5248392857.142857,LIFCO-B.ST,339.79998779296875,Lifco AB B,Industrials,Specialty Industrial Machinery,7.520646000594871,3.483792790063611,45.18228723517782,12.96928088376715,28747000000.0,63.289230263202796,5.369001746108026,103.48650960556593,3.2835196499340906,,,,0.39280620586495985,0.8697659350449501,,8.621443131829484,0.025372111364177868,154342693195.36743,4.376936909362206,2.293762575452707,3.483792790063611,-0.835654596100277,-0.8096484274366489,0.11771148703350875,0.12865519980618156,0.09340231802900578,0.10506287875000808,0.09340231802900578
2025-08-03,,1861000000.0,4316000000.0,,0.0,-857000000.0,547000000.0,40700000000.0,4316000000.0,2422000000.0,23600000000.0,29946000000.0,4256000000.0,4508000000.0,,2016066488.0,19344000000.0,21750000000.0,14469000000.0,2961000000.0,65983000000.0,,,1,0.18473488686254644,,49290000000.0,0.07138738543926251,0.10604422604422604,0.8257252992493407,,NIBE-B.ST,44.439998626708984,NIBE Industrier AB B,Industrials,Building Products,1.2013492681993334,106.47911338448424,36.991739041318745,0.34740840588844585,42383000000.0,21.0226201627136,2.1139134076887904,23.837973075168158,1.864252404622514,,,,0.5568270297053064,1.5032137673647108,,0.9230846358872664,0.02077148209749226,89593991958.074,0.4417462550282636,46.05752961082909,106.47911338448424,36.938925680647536,64.29882507799687,0.07188496186171278,-0.011151019044762012,-0.07581479068917041,-0.010084441516226006,-0.07581479068917041
2025-08-03,,4623000000.0,,686000000.0,,,1457000000.0,11843000000.0,,4850000000.0,200545000000.0,30367000000.0,44037000000.0,5309000000.0,3268000000.0,3456660271.0,156508000000.0,,,6307000000.0,636808000000.0,11750000000.0,,1,0.23101315998097352,,186875000000.0,,,0.06337391304347827,,NDA-SE.ST,141.25,Nordea Bank Abp,Financials,Banks,1.4030884205455665,-3.2639464531317053,100.6707759337629,-30.84326822738494,436263000000.0,126.20939455927227,1.1191718373521247,63.12183577478624,2.2377359318884342,0.9454212285243117,0.006693247635570348,0.6738144329896908,0.4596883072825337,,,1.337418096532403,0.009468446701114358,488253263278.75,-1.6280421961957003,,-4.131251235422018,1236.1271676300578,,0.05233708257311198,,0.060736215332966914,-0.27970050761268495,0.09551452174868791
2025-08-03,3999749313.8151875,5063000000.0,7116000000.0,5980000000.0,0.0,-4308000000.0,1331000000.0,69974000000.0,7116000000.0,5198000000.0,9893000000.0,39950000000.0,2154000000.0,11043000000.0,,536051253.0,5046000000.0,68889000000.0,53158000000.0,6558000000.0,105891000000.0,558000000.0,,1,0.20295821896919794,0.28902333621434745,47689000000.0,0.11893202444620746,0.1016949152542373,1.4672985384470214,3999749313.8151875,SAAB-B.ST,526.2000122070312,Saab AB B,Industrials,Aerospace & Defense,9.696833970463642,24.719225514142295,54.26513579688234,2.1952603557840566,95998000000.0,179.08362206551917,2.938292213089798,197.66700122926048,2.662052891654524,,,,0.10305423029646452,1.2959291169720455,12.75268817204301,9.44499238023421,0.01794943398161328,282070175872.1944,9.761415507207726,21.68262653898769,24.622392711579955,167.45905969360803,10.764878242528496,0.15621910447301057,0.25494978295447424,0.2817254214350462,0.12215345825774171,0.2665416388703705
2025-08-03,15031698016.397778,15995000000.0,21072000000.0,4511000000.0,7631000000.0,4237000000.0,4417000000.0,121458000000.0,28703000000.0,14486000000.0,50490000000.0,87715000000.0,3449000000.0,20506000000.0,,1254385923.0,47041000000.0,71089000000.0,43765000000.0,18905000000.0,173491000000.0,2167000000.0,,1,0.2336418936789209,0.9834283998799159,134756000000.0,0.11983657882690033,0.1734920713333004,0.9013179376057466,15031698016.397778,SAND.ST,233.3000030517578,Sandvik AB,Industrials,Industrial Machinery,11.54828010613764,18.320673037654167,20.202142735329424,1.1026965381571028,123001000000.0,98.0567445350708,2.379234637636946,159.62049343429254,1.4615917920827335,,,,0.4104844676059544,1.624334513880955,9.724042455006922,12.751259167311304,0.05465606086804219,292648239663.98206,-1.155617767216266,10.835261939827468,18.320673037654167,1.452492705822661,14.583592706384096,0.09109188543439517,0.045194727246605115,0.00043191703443246077,0.13616017758565513,0.00043191703443246077
2025-08-03,3908700526.87039,1209000000.0,5193000000.0,2830000000.0,2131000000.0,-473000000.0,967000000.0,20924000000.0,7324000000.0,3778000000.0,544000000.0,103587000000.0,74000000.0,4039000000.0,,702342489.0,470000000.0,10901000000.0,8861000000.0,4745000000.0,149474000000.0,,,1,0.20379346680716542,1.0619971604354,104057000000.0,0.03973495802176105,0.2481839036513095,0.20108209923407364,3908700526.87039,SCA-B.ST,122.55000305175781,SCA AB B,Materials,Paper Products,5.379142027102962,3.8197306952459487,22.78244419542858,5.964411109867954,148930000000.0,212.04754422881,0.5779364410819121,160.20069219690106,0.7649779871183879,,,,0.00365272275565702,1.2302223225369597,,1.7213824009442777,0.014046367670976462,86072074170.32918,3.4203242388295862,2.405837112995468,3.8197306952459487,-8.060836501901136,13.348335495103392,0.026820984672505377,-0.09177178360650884,-0.10700176543061968,0.08793732370197294,-0.10700176543061957
2025-08-03,,-130473000000.0,,,,,9217000000.0,79996000000.0,,33023000000.0,944420000000.0,216574000000.0,526707000000.0,-129284000000.0,,1989410027.0,417713000000.0,,,42240000000.0,4110475000000.0,90643000000.0,,1,0.21820549242424242,,634287000000.0,,,0.1261195641720546,,SEB-A.ST,168.89999389648438,SEB A,Financials,Banks,16.59939356483398,-6.488581173997632,10.175070145592613,-1.568150243133003,3166055000000.0,1591.454228656102,0.10612934437901578,770.9646161415862,0.21907619410832493,,,,0.2982955128701175,,,-65.58376515109421,-0.3882993932568717,336011341417.9048,-1.97769881142017,,-7.924160044611739,266.27084386053565,,0.09518289977710359,,0.06757263191579876,,0.08930261396015982
2025-08-03,,12706000000.0,8638000000.0,,0.0,3534000000.0,1961000000.0,184660000000.0,8638000000.0,6174000000.0,6788000000.0,59010000000.0,11585000000.0,15383000000.0,3244000000.0,411879653.0,-4797000000.0,127769000000.0,83718000000.0,8174000000.0,161733000000.0,464000000.0,,1,0.23990702226572058,,54213000000.0,0.12110901705621725,0.0467778620166793,3.4061940862892666,,SKA-B.ST,224.89999389648438,SKF AB B,Industrials,Industrial Machinery,14.989815483796185,11.10651676773724,15.003519832488841,1.3508753595971519,154945000000.0,376.18998382520243,0.5978362092728782,356.19926305204683,0.631388150467966,7.876087047203567,0.03502039689173458,0.5254292193067703,0.043809093549323955,1.5261831386320743,18.61637931034483,30.848816899435427,0.1371668196382181,92631731445.7861,4.634493231565995,10.43211454870876,11.203170028818455,97.42075823492853,30.13902249268041,0.06439890792905256,0.008573817760004543,-0.026138184907640194,0.23240578952576096,-0.025920770681755245
2025-08-03,7225629134.777533,6034000000.0,8881000000.0,4619000000.0,4574000000.0,-643000000.0,1956000000.0,95549000000.0,13455000000.0,5369000000.0,,55386000000.0,,10653000000.0,,455351068.0,,58731000000.0,29868000000.0,7709000000.0,111379000000.0,,,1,0.2537294071864055,1.2346570397111913,,,0.09294707427602591,,7225629134.777533,SKF-B.ST,222.60000610351562,SKF AB B,Industrials,Industrial Machinery,11.79090239884976,-17.06827309236948,18.87896265897604,-1.1060851063729489,,,,,,,,,,1.9663519485737244,,13.251314038863745,0.059529711031101634,101361150516.04236,-3.2140758898725696,-12.743171546472787,-17.06827309236948,5.841080512190833,0.0,0.03982081050281194,-0.04138879946885721,-0.07491306786603691,0.4518654951246124,-0.07491306786603691
2025-08-03,,36126000000.0,,456000000.0,,,9066000000.0,71293000000.0,,33928000000.0,943364000000.0,208702000000.0,325020000000.0,36582000000.0,24392000000.0,1124225510.0,618344000000.0,,,42991000000.0,3132442000000.0,59341000000.0,,1,0.21088134725872856,,827046000000.0,,,0.08620197667360703,,SWED-A.ST,257.20001220703125,Swedbank AB A,Financials,Banks,30.178998517832955,-2.6040359262200052,8.5224833440066,-3.2727979127299367,2189078000000.0,1947.1876243050203,0.1320879451967705,1149.8668964825831,0.2236780735177265,21.6967145675248,0.08435736212197452,0.7189342136288611,0.4309412455837572,,,32.134122272318834,0.12493826106995948,289150814895.45593,-2.780505100092734,,-2.698672172990335,-55.07275214525556,,0.11152920584349046,,0.12915548978199154,-0.07410692584485279,0.12845409780302508
2025-08-03,8945718489.83543,6959000000.0,6234000000.0,3623000000.0,6051000000.0,-1510000000.0,1016000000.0,29580000000.0,12285000000.0,4150000000.0,29916000000.0,19716000000.0,172000000.0,10582000000.0,,693556132.0,25045000000.0,6295000000.0,14367000000.0,5165000000.0,63350000000.0,1069000000.0,,1,0.19670861568247822,1.564584131851284,49460000000.0,0.10124784653933343,0.21075050709939147,0.5980590376061464,8945718489.83543,TEL2-B.ST,152.4499969482422,Tele2 AB B,Communication Services,Telecom Services,5.983654110349644,7.054812255628651,25.477742218514376,3.61139904158145,33434000000.0,48.20662446395903,3.1624283725200293,80.56155875444956,1.8923416987611612,,,,0.8947777711311838,0.4381568873111993,5.831618334892423,10.033794928656185,0.06581695722868874,105732630206.83466,-0.006760868095467831,4.843592330978819,7.235142118863047,19.92073065655695,11.05185661709902,0.02508627055729895,0.06915173571221378,-0.009182843959195663,-0.0003589247195228129,-0.010487821420244403
2025-08-03,35825252.25969398,-166268000.0,366912000.0,676074000.0,216560000.0,-155542000.0,24871000.0,3387328000.0,583472000.0,258461000.0,1128152000.0,1915154000.0,280185000.0,509806000.0,333720000.0,151659090.0,653728000.0,721970000.0,589605000.0,336550000.0,3354231000.0,30362000.0,,1,0.07389986629029861,2.154981420356039,2763121000.0,0.12297588569581061,0.10831900542256315,1.2259065021039615,35825252.25969398,BWLPG.OL,135.39999389648438,BW LPG Ltd,Industrials,Transportation,1.7042235978074245,-27.107449551901432,79.44966497980884,-2.930916271842177,2226079000.0,14.678177219710339,9.224578220425409,23.724147187816236,5.707264957706061,2.200461574706798,0.016251563322736105,1.2911812613895326,0.5067888426241836,1.2244977569728885,12.084579408471114,-1.096327295647099,-0.008096952326934817,20534639860.346375,-4.95037947418826,-17.513016735160026,-27.049416307268505,-213.18833180162704,-15.763709491566258,0.28525799339641655,0.1294245217784542,0.08745407778098979,,0.06004623598309666
2025-08-03,,-47490000000.0,,2507000000.0,,,9156000000.0,87277000000.0,,46100000000.0,1034811000000.0,276618000000.0,434618000000.0,-44983000000.0,24835000000.0,1475931013.0,600193000000.0,,,55289000000.0,3835781000000.0,124991000000.0,,1,0.1656025610881007,,876811000000.0,,,0.0995391253075064,,DNB.OL,257.70001220703125,DNB ASA,Financials,Banks,31.234522205950828,1.1793242106606705,8.250486769345683,6.99594453735811,2800970000000.0,1897.7648516963577,0.13579132945616554,1154.8614696337454,0.22314365747153955,16.82666722309737,0.06529556238274117,0.5387201735357917,0.3694473700182437,,,-32.17630064122787,-0.12485952315507864,380347440066.836,2.8967224711152983,,0.7187957440300652,-70.15478786583796,,0.12038454954912758,,0.16150402830206922,,0.1758791630638381
2025-08-03,14903072534.041847,7508000000.0,31032000000.0,13172000000.0,10872000000.0,-8719000000.0,21878000000.0,106467000000.0,41904000000.0,8217000000.0,34345000000.0,41972000000.0,9472000000.0,20680000000.0,6792000000.0,2536991349.0,21528000000.0,56096000000.0,38270000000.0,30110000000.0,139091000000.0,922000000.0,,1,0.726602457655264,1.6741315272012236,66845000000.0,0.12692157280337868,0.2914705965228662,1.5927444087067095,14903072534.041847,EQNR.OL,261.6000061035156,Equinor ASA,Energy,Oil & Gas Integrated,3.2388758452956004,0.31933636844114766,80.76876626298726,252.92692673015287,104746000000.0,41.28748804811159,6.336060110963343,54.85265330336434,4.7691404216443,2.6771868980464544,0.010233894631436233,0.8265790434465132,0.32788841578676037,1.4657956623987458,33.657266811279825,2.959410958559008,0.011312732758071738,663676952382.9663,3.868217205517932,-3.155135286958155,-6.6886213945037465,-5.357367956636838,-7.456082527370878,0.04657174158442445,-0.01036018785960846,-0.01025837451432643,-0.2246628708869799,0.0515110342123255
2025-08-03,,188100000.0,204400000.0,,75499000.0,25808000.0,185000.0,354551000.0,279899000.0,103188000.0,1783779000.0,784848000.0,409618000.0,188104000.0,,54087768.0,323988000.0,460255000.0,166086000.0,103373000.0,2627858000.0,101027000.0,,1,0.0017896355914987473,,2159009000.0,0.09450363499415597,0.5765038034020493,0.16421932469943387,,FLNG.OL,254.5,Flex LNG Ltd,Industrials,Transportation,1.9077880973014083,-12.317732232079138,133.40055971624608,-10.829961002791592,844079000.0,15.60572808254909,16.30811447269746,25.882030473404004,9.833077055585745,,,,2.1132844200602077,2.7711848078706214,2.0232215150405337,3.4776809425746684,0.013664758124065495,13765336956.0,-0.5045615393897585,-8.506562102737636,-12.317732232079127,2.9021581553105857,-7.690938970183614,0.007985838769715592,-0.016566630242799363,-0.10691819917434686,,-0.11089588187344357
2025-08-03,,6357300000.0,,329400000.0,,,2082200000.0,43514700000.0,,6559800000.0,5345800000.0,24726400000.0,4098200000.0,,4999700000.0,499948775.0,1247600000.0,,,8616900000.0,183317000000.0,,,1,0.24164142557068088,,25974000000.0,,,1.6753176253176254,,GJF.OL,270.79998779296875,Gjensidige Forsikring ASA,Financials,Insurance,13.120944240737463,27.61023352537244,20.638757609547497,0.7475039133798524,177971200000.0,355.9788700352351,0.7607192746192063,324.17977320276106,0.8353389390015846,10.00042454349448,0.036929191263996575,0.7621726272142443,0.03003744426064442,,,12.715902744236146,0.04695680693293706,135386122167.10968,7.804916720963817,0.0,27.610154654216522,66.77072402938091,0.0,0.08269612443046825,,-0.02100297753023428,-0.005312267723134201,-0.02099733357247635
2025-08-03,,172605000.0,209811000.0,,138462000.0,-577000.0,743000.0,863612000.0,348273000.0,113685000.0,1444820000.0,1825925000.0,106705000.0,246161000.0,209935000.0,199403293.0,1217574000.0,289602000.0,355708000.0,114428000.0,3393626000.0,95383000.0,,1,0.006493166008319642,,3164040000.0,0.06588053954647491,0.2429459062634609,0.27294598045536717,,GOGL.OL,84.8499984741211,Golden Ocean Group Ltd,Industrials,Transportation,0.570125990848105,-49.069054808390156,148.82675029058117,-3.0330062576451704,1948806000.0,9.773188650400071,8.681915545613428,11.19682318422207,7.578042189117259,1.0528161137238592,0.012407968564017874,1.8466376390904695,0.7413872904742699,0.8141565553768821,2.1996687040667626,0.8656075704828003,0.010201621520910305,16919369106.784721,-10.822576981061937,-35.50309864004132,-49.069054808390156,-34.58165307298141,-36.0350528978894,-0.07955694376190281,-0.22023715806274924,-0.3185590405462474,0.10589229356868257,-0.3176787780401117
2025-08-03,842679781.477383,857648000.0,672657000.0,61555000.0,210612000.0,-25395000.0,4094000.0,2631664000.0,883269000.0,617654000.0,1066530000.0,2278436000.0,188141000.0,919203000.0,590995000.0,497989642.0,374022000.0,901255000.0,724485000.0,621748000.0,3696433000.0,50909000.0,,1,0.006584661309726771,0.36910807208894303,3156825000.0,0.2116771697757662,0.2556013989627855,0.8336426631187982,842679781.477383,HAFNI.OL,55.84000015258789,Hafnia ASA,Industrials,Transportation,1.2402948734423678,-19.412604170161664,45.02155201013381,-2.3191917795003842,2629903000.0,5.2810395602565565,10.57367579156615,12.13985344199971,4.599726052655687,1.1867616314798772,0.021252894488483935,0.9568382945791656,0.40553967199550706,1.2439940095378097,13.212928951658842,1.7222205597601565,0.030842058650681087,27807741685.26719,-8.261141925095695,-19.037755106953547,-20.20334997771419,-12.551020096029431,-18.27496384228251,0.3420643777198369,,,0.8128472217382794,
2025-08-03,430095000.0,248483000.0,656528000.0,415382000.0,133410000.0,-219671000.0,-32654000.0,1371892000.0,789938000.0,659094000.0,760227000.0,1242562000.0,232929000.0,663865000.0,570993000.0,190766097.0,459723000.0,389266000.0,212398000.0,626441000.0,2120774000.0,30087000.0,,1,0.25,0.4775530991813483,1769860000.0,0.27821183596442656,0.47855662107512836,0.7751415366187157,430095000.0,HAUTO.OL,105.5,Hurtigruten ASA,Industrials,Transportation,3.4549849809004582,6.389737679355756,30.535588601170698,4.7788485433175785,1360547000.0,7.132016754528452,14.792449826062606,23.546183179755275,4.480556326033666,2.993157636390705,0.02837116243024365,0.8663301441069104,0.5587657023241388,1.8327197054586202,21.820985807823977,1.3025532519019876,0.012346476321345853,20125823233.5,0.0776173232527988,7.507872384673453,6.389737679355756,-14.53899489606405,6.799053968043456,0.09711519949083258,0.4195474360499567,0.5160413127050605,0.13745695662088964,0.5160485683747189
2025-08-03,5161904331.711838,10662000000.0,9145000000.0,2300000000.0,1606000000.0,1283000000.0,1894000000.0,53148000000.0,10751000000.0,6712000000.0,5313000000.0,18994000000.0,14385000000.0,12962000000.0,,879594330.0,-9072000000.0,50634000000.0,47876000000.0,8634000000.0,72354000000.0,511000000.0,,1,0.21936529997683576,0.715625430975038,9922000000.0,0.7195025530852486,0.17206668171897344,5.356581334408386,5161904331.711838,KOG.OL,304.8500061035156,Kongsberg Gruppen ASA,Industrials,Industrial Machinery,7.630790434949711,30.93161734733063,39.949990594326245,1.2915584124078754,67041000000.0,76.21809021893081,3.9997066999167337,114.39447609385212,2.6649014577715184,,,,0.07925001118718396,1.0576071518088395,17.89628180039139,12.121496963264873,0.039762167362886215,268144336869.11774,8.74938615157963,29.29450021207409,30.94030433086228,-7.270829709514704,25.877691570511697,0.17961449308921718,0.30615399254847264,0.3278524718489615,0.2638384875632305,0.33217261695591205
2025-08-03,537967155.8350804,562200000.0,571200000.0,355300000.0,450500000.0,-14600000.0,107500000.0,5591200000.0,1021700000.0,325700000.0,2621400000.0,3903000000.0,200300000.0,917500000.0,,517111091.0,1894600000.0,3763400000.0,1038800000.0,429300000.0,8171300000.0,141900000.0,,1,0.2504076403447473,1.7062756092301057,6324100000.0,0.06770404576699932,0.10216053798826728,0.8841099919356114,537967155.8350804,MOWI.OL,191.10000610351562,Mowi ASA,Consumer Staples,Food Products,0.6298453188659223,-30.480256136606187,303.4078374157066,-9.954241724737994,5549900000.0,10.732510086502863,17.805714093280173,12.332719807384958,15.495365911830982,,,,0.4723328348258527,3.622834039276088,4.025369978858351,1.087193854057174,0.0056891356323047915,98819932646.29562,0.4455303248059872,-26.315789473684216,-30.480256136606187,3.6504424778761146,-25.586394550209224,0.07633892544807996,-0.032720640268268375,-0.09595819151135299,-0.011322742295020616,-0.09595819151135299
2025-08-03,-142233500.0,-112043000.0,268254000.0,421068000.0,67376000.0,-10268000.0,-130000.0,520031000.0,335630000.0,249920000.0,433018000.0,837378000.0,219386000.0,309025000.0,,443700279.0,213597000.0,275171000.0,102703000.0,249851000.0,1344846000.0,18403000.0,,1,0.25,1.7816859425301061,1051010000.0,0.1914258665474163,0.515842324784484,0.49479167657776807,-142233500.0,MPCC.OL,18.895000457763672,MPC Container Ships ASA,Industrials,Transportation,0.5632631121243897,-6.285739998425088,33.545602492056936,-5.3367785655248055,911828000.0,2.055053925264717,9.19440615424715,5.10338726380637,3.702443001292205,,,,0.4748900011844339,2.6792888231113015,14.576645112209965,-0.252519561746771,-0.013364358593757774,8383716974.814869,-3.7808183693671227,-5.122092694244806,-6.2857399984250995,32.97609722518931,-6.542359024385758,0.061555662613909545,0.05646563424605677,0.07131975340496965,,0.07131975340496965
2025-08-03,57383250.0,102905000.0,3611000.0,27769000.0,37533000.0,-44911000.0,1103000.0,591983000.0,42558000.0,-11625000.0,154300000.0,559154000.0,307454000.0,130674000.0,,190964908.0,-153154000.0,551715000.0,101403000.0,-10521000.0,804341000.0,,,1,0.25,8.130382775119617,406000000.0,0.006670566502463054,0.006099837326409711,1.4580862068965517,57383250.0,NOD.OL,141.0,Nordic Semiconductor ASA,Information Technology,Semiconductors,-0.06087505878305138,-69.60311701043945,-2316.2195292903225,33.277525903659225,650041000.0,3.403981426786538,41.4220826501713,,,,,,0.2373696428379133,5.4408153604922935,,0.538868638629669,0.00382176339453666,26926052028.0,15.754163945453193,-111.13269207053891,-69.80833160191149,229.8342895605628,-109.86272099145067,-0.00768108910801768,-0.5500284246595406,,0.12117615412943672,
2025-08-03,24711542112.15361,10279000000.0,21270000000.0,12599000000.0,10514000000.0,-13450000000.0,6829000000.0,215355000000.0,31784000000.0,9591000000.0,37548000000.0,106599000000.0,18809000000.0,22878000000.0,4445000000.0,1964406634.0,18739000000.0,78121000000.0,40664000000.0,18332000000.0,203293000000.0,2938000000.0,,1,0.3725180013091861,0.6691364863929091,125338000000.0,0.10648440307132404,0.09876715191195932,1.7181940034147665,24711542112.15361,NHY.OL,61.560001373291016,Norsk Hydro ASA,Materials,Metals & Mining,4.882390353401749,66.6855325306998,12.60857836375164,0.18907516945968858,165745000000.0,84.37407873262151,0.729607982664587,96.27466817304277,0.6394205510284794,2.2627697967751823,0.03675714337714307,0.46345532269836304,0.22654077046064738,1.9211341727326383,7.239618788291355,5.23262333881937,0.08500037722691871,120928875086.74197,5.755395683453246,76.42667551426676,65.64766839378238,470.73847862298726,97.47274641102453,0.09525856363561602,0.02187980748570406,-0.057605855455323374,0.2186843591534351,-0.04733255789214452
2025-08-03,5426428835.8897915,3962700000.0,3233100000.0,4016200000.0,4446000000.0,-1954900000.0,123100000.0,36696800000.0,7679100000.0,1956600000.0,18686500000.0,5914000000.0,12737600000.0,7978900000.0,,1055237234.0,5948900000.0,19507500000.0,17983100000.0,2079700000.0,44189700000.0,1153400000.0,,1,0.05919122950425542,2.092379421221865,11862900000.0,0.2564068512665362,0.08810304985720825,3.0934088629255916,5426428835.8897915,NAS.OL,16.795000076293945,Norwegian Air Shuttle ASA,Industrials,Transportation,1.8541802136598982,31.88731139252463,9.0579113899306,0.2840600538072976,25503200000.0,24.168214670863293,0.6949210069927778,31.753347421169483,0.5289206159441624,,,,0.7327119733994165,1.084768477070138,2.803103866828507,3.75526931037007,0.22359448010188537,17722709425.53821,3.907194572570072,29.82251847092836,44.387868054018156,-29.706957107886613,49.76408299461346,0.6404091457780983,0.06027108232508804,0.011314150848548366,1.3761837227370806,-0.020554086778976854
2025-08-03,6178822267.743101,7101000000.0,9341000000.0,2026000000.0,2840000000.0,1850000000.0,1889000000.0,71832000000.0,12181000000.0,10560000000.0,21285000000.0,47731000000.0,929000000.0,9127000000.0,,997277314.0,18177000000.0,22383000000.0,18471000000.0,8299000000.0,88008000000.0,1042000000.0,,1,0.22761778527533438,0.9012345679012346,68087000000.0,0.10596475491273079,0.13003953669673682,1.0550031577246757,6178822267.743101,ORK.OL,108.30000305175781,Orkla ASA,Consumer Staples,Food Products,10.588830059358996,74.63405272564529,10.227759105080382,0.13703877428012137,66723000000.0,66.90516174721688,1.6187092329428958,126.2539750910526,0.8577947979352997,,,,0.3190054404028596,1.2117914568783499,8.964491362763916,7.120386576847371,0.06574687327981382,108005136149.64883,1.6644021739130377,0.4624650462464963,74.34373452204062,-6.762079831932777,-1.44999543010359,0.09240471926377536,0.0912968746273799,0.21737636219721934,0.17526495435559664,0.21716292222731726
2025-08-03,2360237437.667817,-1022000000.0,3968000000.0,2676000000.0,1802000000.0,-423000000.0,760000000.0,24990000000.0,5770000000.0,1793000000.0,22315000000.0,20969000000.0,338000000.0,1654000000.0,,133641018.0,20360000000.0,17104000000.0,6865000000.0,2607000000.0,54740000000.0,1361000000.0,,1,0.2915228231683928,1.2640274314214464,42946000000.0,0.06545982018506537,0.15878351340536215,0.5818935407255623,2360237437.667817,SALM.OL,420.3999938964844,SalMar ASA,Consumer Staples,Food Products,13.41653952381596,-40.385029619624035,31.33445797630784,-0.7758929056494164,32425000000.0,242.62760404893055,1.7326964734470303,270.6335416833121,1.553392056585598,,,,0.6882035466461064,2.4914785142024765,2.9155033063923588,-7.647352701249253,-0.018190658449753143,56182683151.51996,-5.045976138004404,-27.312694632716617,-39.60929605927922,-136.51304037156126,-36.85694033057951,0.13663675732269986,0.026662211286056392,-0.09017906672680864,,-0.1186205549724706
2025-08-03,,10579000000.0,9827000000.0,1698000000.0,,,1022000000.0,63504000000.0,,4648000000.0,54951000000.0,31609000000.0,17740000000.0,,2028000000.0,428799334.0,37211000000.0,,,5647000000.0,1019367000000.0,4180000000.0,,1,0.18098105188595714,,68820000000.0,0.11695000295141963,0.1547461577223482,0.9227550130775938,,STB.OL,145.5,Storebrand ASA,Financials,Insurance,10.839569074517266,-14.825203688245681,13.423042834982787,-0.9054204662041432,964416000000.0,2249.10797086266,0.06469231441307485,740.6319106950472,0.19645386311191385,4.729484957642215,0.032505051255272956,0.4363166953528399,0.05697852379056341,,2.350956937799043,24.671213691763803,0.16956160612896085,62390303097.0,-32.0812834224599,-7.440896675143637,-15.842839036755386,1530.0462249614793,1.7241024623820156,-0.021270306607531375,0.19912176390310132,0.10390181007428212,,0.12959456024717997
2025-08-03,769657324.8407643,653800000.0,444400000.0,341900000.0,640100000.0,-208600000.0,141100000.0,6971000000.0,1084500000.0,193500000.0,1091200000.0,4360100000.0,459000000.0,995700000.0,,295613936.0,232200000.0,2703500000.0,2603300000.0,345400000.0,7836900000.0,99000000.0,,1,0.4085118702953098,2.549950544015826,4992300000.0,0.05265254989499116,0.06374982068569789,1.3963503795845602,769657324.8407643,SUBC.OL,196.39999389648438,Subsea 7 S.A.,Energy,Oil & Gas Equipment & Services,0.6545699523448718,-3.922542204568036,300.04431641403477,-76.49231053897014,6745700000.0,22.81928954797314,8.606753224441603,18.332443334676196,10.713247018469694,,,,0.1617623078405503,1.038489609341989,4.488888888888889,2.211668397121846,0.011261041068501966,58058575226.11572,1.9599239432499527,-5.32594801874734,-3.9225422045680247,12.201819117899436,-6.271998833650983,0.08608630930489203,0.38492667093751876,0.5705922942034247,0.5077821503699429,0.5703956197188449
2025-08-03,31808756567.425568,17108000000.0,19716000000.0,12368000000.0,17133000000.0,-12697000000.0,4354000000.0,80555000000.0,36851000000.0,10155000000.0,100036000000.0,69826000000.0,6220000000.0,29476000000.0,,1367763895.0,77246000000.0,23124000000.0,52588000000.0,15988000000.0,219329000000.0,3728000000.0,,1,0.2723292469352014,1.0938679859393308,163642000000.0,0.08767160366791879,0.24475203277263982,0.4922635998093399,31808756567.425568,TEL.OL,161.10000610351562,Telenor ASA,Communication Services,Telecommunications Services,7.424527023357347,-44.61714659685864,21.69835271616625,-0.48632318225598875,119293000000.0,87.21753837492545,1.8471056292713595,120.70564128467716,1.3346518388777766,,,,0.8385739314125724,0.43972008823305697,5.28862660944206,12.508006727286803,0.07764125545252755,220346771832.6683,0.7844560104093734,-29.806322984904586,-44.61714659685864,-5.470217703613656,-36.758931426819586,-0.0457568049850936,0.050200801421136365,0.6056065951311698,-0.06954127246292718,0.6148282163559862
2025-08-03,580634457.4616213,341034000.0,190959000.0,544882000.0,786823000.0,-297027000.0,89275000.0,1772074000.0,977782000.0,25015000.0,884500000.0,1967200000.0,166500000.0,885916000.0,115773000.0,196259703.0,493400000.0,700200000.0,1100700000.0,114191000.0,3868700000.0,76768000.0,,1,0.7818041702060583,10.175425829038984,2685200000.0,0.01551707785700183,0.10776017254358453,0.65994115894533,580634457.4616213,TGS.OL,74.6500015258789,TGS ASA,Energy,Oil & Gas Equipment & Services,0.1274586663366142,-73.45533815103249,585.6800770904873,-7.9732813411907895,2984200000.0,15.205362865549633,4.9094521575023595,6.603502375267444,11.304607355858723,0.5898969489421881,0.007902169281774075,4.628143114131521,0.296394343542658,0.6361406377759607,2.487481763234681,1.7376669524461676,0.023277520655425182,14650787128.418541,34.433997332673826,4.315548538995628,-73.44902616356205,76.48757465042384,-62.16101446937042,0.3595453660431549,,,0.2084097478408593,
2025-08-03,,264500000.0,166300000.0,,105000000.0,-13100000.0,34700000.0,1355600000.0,271300000.0,104800000.0,611000000.0,582000000.0,119000000.0,264500000.0,,295778210.0,339000000.0,752000000.0,223000000.0,145100000.0,1670000000.0,21200000.0,,1,0.23914541695382494,,1074000000.0,0.11781202715137701,0.12267630569489525,1.2621973929236499,,TOM.OL,141.6999969482422,Tomra Systems ASA,Industrials,Industrial Machinery,0.35431954233545465,11.73115054407976,399.9214833430967,34.090559305363364,1059000000.0,3.5803854516531155,39.57674358296179,5.342612846615471,26.522602519852942,,,,0.5769593956562795,3.3721973094170403,7.84433962264151,0.8942511349974023,0.006310876176828991,41911771454.35654,0.5936479667557171,8.48010437051534,11.727078891257992,12.314225053078554,10.643857395645217,0.055491110815450106,0.013080250640542745,-0.010423609409837109,0.10392502507014956,-0.01068954850483439
2025-08-03,-57502360.092327595,918790000.0,3941066000.0,2857217000.0,1960855000.0,-164691000.0,3269511000.0,7150936000.0,5901921000.0,674708000.0,6209500000.0,972300000.0,699700000.0,3776007000.0,,2496406250.0,5208700000.0,1965300000.0,2633700000.0,3944219000.0,26223500000.0,-3153000.0,,1,0.8289374905399522,6.9292626813887175,6482100000.0,0.10400466514056748,0.5511258945682076,1.1031819934897642,-57502360.092327595,VAR.OL,35.27000045776367,Vår Energi ASA,Energy,Oil & Gas Services,0.2702717155911623,106.26459762524915,130.49830382960346,1.2280506090073051,20014000000.0,8.017124616636416,4.399332945951039,6.9823381145247785,5.0513166047336515,,,,0.3102578195263316,0.7462125526825378,-1249.941642879797,0.36804506478062216,0.010435074000675485,88048249580.2641,-3.0031186858548,19.099044866436632,106.26459762524915,96.87372774218433,86.54662356771972,0.042967647275354626,0.09423940130209929,0.007686505375966046,-0.16877141872820767,0.007686504972311159
2025-08-03,644269230.7692307,37000000.0,605000000.0,41000000.0,73000000.0,-39000000.0,30000000.0,1169000000.0,678000000.0,522000000.0,480000000.0,2890000000.0,169000000.0,78000000.0,,42280127.0,166000000.0,1021000000.0,688000000.0,572000000.0,4021000000.0,33000000.0,,1,0.05244755244755245,0.13043478260869565,3201000000.0,0.1790906687813904,0.5175363558597091,0.3651983755076539,644269230.7692307,WWI.OL,477.5,Wallenius Wilhelmsen ASA,Industrials,Transportation,12.346225923115131,6.334196216627452,38.67578667145594,6.105871265864934,3541000000.0,83.75093102251088,5.701429156311776,152.52926965894414,3.1305466883024566,,,,0.1355549279864445,1.4840116279069768,18.333333333333332,0.8751156305656319,0.0018327028912369255,20188760642.5,2.8144239226033374,5.400696864111487,4.819277108433728,-33.92857142857143,-3.627184716663512,0.07603031419968276,0.6101940455580732,0.6409090174556455,-0.1674165961179198,0.662782506794636
2025-08-03,880564878.0487804,627000000.0,1301000000.0,986000000.0,1057000000.0,84000000.0,321000000.0,14595000000.0,2358000000.0,701000000.0,4172000000.0,8076000000.0,837000000.0,1613000000.0,,254725627.0,2807000000.0,6866000000.0,4298000000.0,1025000000.0,16898000000.0,276000000.0,,1,0.3131707317073171,2.1704081632653063,11411000000.0,0.07830732434044171,0.08914011647824598,1.2790290070984138,880564878.0487804,YAR.OL,383.3999938964844,Yara International ASA,Materials,Chemicals,2.751980663492488,4907.142857142858,139.31783714276483,0.028390825618612916,12726000000.0,49.959637551505566,7.674194863828238,55.61905268142223,6.893321180649071,,,,0.3278327832783278,1.5974872033503955,4.713768115942029,2.4614720057200996,0.006420114879774051,97661803837.07816,5.242284395731178,173.31932773109244,4907.142857142857,152.8225806451613,2036.013233689695,-0.03191638456383816,0.10205223041278533,0.11780981652874911,0.012332786080838654,0.11780981652874911
2025-08-03,532574074.07407403,360100000.0,497000000.0,309000000.0,289300000.0,-155200000.0,91200000.0,2223800000.0,786300000.0,363700000.0,1597900000.0,1090900000.0,103100000.0,669100000.0,,160513534.0,1397300000.0,727500000.0,1102800000.0,453600000.0,3348700000.0,43400000.0,,1,0.20105820105820105,1.0919172005914244,2585700000.0,0.15356540746183783,0.223491321161975,0.8600379007618827,532574074.07407403,ELISA.HE,45.2599983215332,Elisa Oyj,Communication Services,Telecom Services,2.2658525479851437,1.4130014668069846,19.97482067479616,14.136447232382606,1750800000.0,10.90749145178001,4.149441557815492,23.581396570351657,1.9193094940966113,,,,0.9126684944025588,0.6596844396082698,11.451612903225806,2.243424532662772,0.04956749040786918,7264842279.423363,1.4738763404061217,2.158273381294973,1.4787946428571397,4.61940732132482,9.70529300597942,0.027142016080799802,0.03602220088710628,0.014314272387625282,0.016788270433142127,0.013798497672483201
2025-08-03,103939322.30102444,791000000.0,1522000000.0,516000000.0,363000000.0,1000000000.0,221000000.0,5427000000.0,1885000000.0,1056000000.0,4728000000.0,9679000000.0,4232000000.0,1307000000.0,,897264465.0,402000000.0,6596000000.0,2510000000.0,1269000000.0,17743000000.0,253000000.0,,1,0.17415287628053586,1.444273635664873,10175000000.0,0.12353212012786481,0.2804496038326884,0.5333660933660934,103939322.30102444,FORTUM.HE,16.0,Fortum Oyj,Utilities,Electric Utilities,1.1769105332840748,-9.278350515463906,13.594916136363635,-1.465229850252527,13015000000.0,14.505199423004008,1.1030527422205147,19.59859037627933,0.8163852446941902,,,,0.3632731463695736,2.6278884462151395,6.015810276679842,0.8815684013519915,0.05509802508449947,14356231440.0,-6.4310344827586245,-8.478653036680694,-9.278350515463918,-14.021739130434785,-11.801115661366989,-0.04121246309614979,-0.23832268080373042,0.09333907564611699,-0.3524981815514827,0.09059622943474155
2025-08-03,,392100000.0,222300000.0,,268000000.0,-230600000.0,57300000.0,1613600000.0,490300000.0,-12200000.0,263600000.0,1041900000.0,341000000.0,436300000.0,,64518653.0,-77400000.0,1829900000.0,1080800000.0,213700000.0,2375700000.0,8600000.0,,1,0.26813289658399625,,964500000.0,0.16868227795684565,0.13776648487853246,1.6729911871435976,,HIAB.HE,58.650001525878906,Cargotec Oyj (Hiab),Industrials,Industrial Machinery,-0.18909260241375467,-101.13317500980818,-310.16549974570916,3.0669016345588718,2112100000.0,32.736269308040264,1.7915908796447384,,,,,,0.1248046967473131,1.6930977054034049,25.848837209302324,6.077312246428951,0.10361998445553969,3784019096.8976517,-2.0457718691191618,-0.6702412868632712,-101.1437142589294,-9.215096087057184,-0.6297850157892859,-0.16472768286568618,-0.1100585451083127,,1.3480199522542535,
2025-08-03,351464513.7063463,182100000.0,338800000.0,236400000.0,294400000.0,-29600000.0,58900000.0,4094000000.0,633200000.0,200900000.0,1769900000.0,1839200000.0,444000000.0,418500000.0,,104968310.0,1325900000.0,1852300000.0,1275200000.0,266300000.0,4786500000.0,72500000.0,,1,0.2211791212917762,1.790639514112183,3165100000.0,0.08336688057449881,0.0827552515876893,1.2934820384821966,351464513.7063463,HUH1V.HE,30.0,Huhtamäki Oyj,Industrials,Containers & Packaging,1.9139109698917702,-10.529829119348156,15.674710303633649,-1.4886006340627098,3016600000.0,28.73819727115736,1.0439068156202347,35.178870046863224,0.8527846391892566,,,,0.5867201485115693,1.452556461731493,4.673103448275862,1.7348092962533168,0.05782697654177723,3149049300.0,-0.7827836075903316,-10.912437549303178,-10.352521195894692,-1.461038961038963,-4.26155032207165,0.03447734746491049,0.036888113236460685,0.002630447972902017,,0.0011858896673162533
2025-08-03,132479777.77777779,131600000.0,199900000.0,50100000.0,59500000.0,28400000.0,43600000.0,1683300000.0,259400000.0,136500000.0,336800000.0,618400000.0,242500000.0,181700000.0,,54616640.0,94300000.0,1082600000.0,660900000.0,180000000.0,1717000000.0,19900000.0,,1,0.24222222222222223,0.8829174664107485,712700000.0,0.2125435355377828,0.11875482682825403,2.3618633366072683,132479777.77777779,KALMAR.HE,39.2599983215332,Cargotec Oyj (Kalmar),Industrials,Industrial Machinery,2.4992383273668977,6.589933353495714,15.70878530936105,2.3837548070236743,1380200000.0,25.270686735764045,1.5535786079754987,37.696724646848764,1.0414697480836739,,,,0.2440226054195044,1.6380692994401573,10.045226130653266,2.4095220797178296,0.06137346364572467,2144249194.7277832,-2.1621621621621623,5.488126649076519,6.724003127443323,-3.0213706705969012,8.67347758074597,-0.09375378543954616,-0.11093813466361446,-0.16075369209922796,-0.1080095759673757,-0.08921919355001617
2025-08-03,245049934.38320208,219000000.0,340300000.0,177400000.0,193900000.0,36500000.0,67400000.0,2853600000.0,534200000.0,224500000.0,663100000.0,1718300000.0,376800000.0,396400000.0,,154446553.0,286300000.0,1138100000.0,661000000.0,304800000.0,3103900000.0,35500000.0,,1,0.2211286089238845,1.4943202638329058,2004600000.0,0.1322208592154056,0.11925287356321838,1.4235258904519605,245049934.38320208,KEMIRA.HE,18.540000915527344,Kemira Oyj,Materials,Specialty Chemicals,1.4535772773122362,-10.254012153159175,12.754740463340948,-1.2438780326012504,2440800000.0,15.803525249281543,1.1731560283595717,22.734599558496328,0.8154971398472955,,,,0.27167322189446086,1.72178517397882,9.585915492957746,1.4179662527010233,0.07648145537649188,2863439234.0200424,-3.2054543604355334,-9.180677875633837,-9.98396150761829,-30.980144973211477,-5.361662222634134,0.01634623617007258,0.1851360596415117,0.2004599147198649,0.4367137525954228,0.19788849707417855
2025-08-03,,394700000.0,609000000.0,,579400000.0,-115900000.0,92200000.0,12083700000.0,1229500000.0,379200000.0,3636000000.0,2553100000.0,190500000.0,886100000.0,,398120032.0,1346600000.0,2928100000.0,3316500000.0,471800000.0,8919000000.0,137200000.0,,1,0.19542178889359899,,5998600000.0,0.08168374796849236,0.050398470667096996,2.014420031340646,,KESKOB.HE,19.100000381469727,Kesko Oyj B,Consumer Staples,Food & Staples Retailing,0.9524765636510347,-0.014731739712703362,20.052987244384862,-1361.2097169415044,5283000000.0,13.269867314790128,1.4393512706929283,16.863654599527674,1.1326133530987221,,,,0.6882453151618398,0.8828885873661994,4.438775510204081,0.9914095455513275,0.05190625789270479,7604092763.07074,1.3724717074521164,1.6355140186915973,0.026378264310200628,-23.626160990712076,-4.167666520166991,0.016900477196512886,-0.0626860679201503,-0.0975855426587674,-0.18904516867612198,-0.09815824989377597
2025-08-03,,147300000.0,119800000.0,,1200000.0,423200000.0,-4800000.0,453400000.0,121000000.0,-19300000.0,3740500000.0,3620400000.0,270400000.0,147400000.0,,247144399.0,3388200000.0,330600000.0,473700000.0,-24000000.0,8316100000.0,143800000.0,,1,0.2,,7090500000.0,0.013516677244199986,0.2642258491398324,0.06394471475918483,,KOJAMO.HE,10.850000381469727,Kojamo Oyj,Real Estate,Real Estate Management & Development,-0.07809199835437096,-191.03773584905662,-138.93869551440966,0.727284035779132,4575600000.0,18.51387293628289,0.5860470372034501,,,,,,0.8174884168196521,0.6979100696643445,0.8331015299026425,0.5960078423626344,0.05493159644312381,2681516823.4281063,0.2210433244915988,-26.862026862026866,-191.03773584905662,-6.831119544592035,-27.077211759650265,0.03724651911886512,-0.4526870104172459,,-0.0056887032409778104,
2025-08-03,,1161600000.0,1331800000.0,,305300000.0,13200000.0,304500000.0,11251500000.0,1637100000.0,976000000.0,837900000.0,2275300000.0,359500000.0,1330000000.0,,517831840.0,478400000.0,5315500000.0,5397800000.0,1290900000.0,8562500000.0,40900000.0,,1,0.2358819428305833,,2753700000.0,0.36955820479290746,0.11836644003021819,4.085957075934197,,KNEBV.HE,53.18000030517578,Konecranes Oyj,Industrials,Industrial Machinery,1.8847817469084172,2.5362694702457667,28.215468656997682,11.124791347294646,7724600000.0,14.917197830090942,3.5650127397185276,25.15158840245459,2.1143793964116337,,,,0.10847163607177071,0.9847530475378858,32.562347188264056,2.2431992594352637,0.0421812569868854,27538297409.229736,1.3794781229726771,3.2883511710873226,2.596446967307897,7.466000555092989,17.945948256125565,0.017090458888494364,-0.0018683987289703774,-0.009552288494984129,-0.06007861573492623,-0.009489895526931913
2025-08-03,487290479.9682666,533800000.0,571800000.0,61800000.0,130000000.0,15600000.0,120900000.0,4313700000.0,701800000.0,383300000.0,731200000.0,1843100000.0,560400000.0,595600000.0,,79214269.0,170800000.0,2573900000.0,1714700000.0,504200000.0,4588200000.0,67600000.0,,1,0.2397857992859976,0.45996895098691504,2013900000.0,0.21584511642497967,0.13255441963975242,2.1419633546849397,487290479.9682666,KCR.HE,72.0999984741211,Kone Oyj,Industrials,Industrial Machinery,4.838774690958772,4.037751213780361,14.900466146696106,3.6902883208461685,3857000000.0,48.690722627257976,1.48077487011372,72.80849756380476,0.9902690054953711,,,,0.1895773917552502,1.5010789059310667,8.458579881656805,6.738684920516024,0.0934630383235687,5711348674.028618,2.1671166690351074,6.026330428333027,4.044516829533107,26.373106060606055,7.734764231275437,0.07930271123791122,0.2822817015397032,0.2709523130945317,0.3343173113529374,0.27063206444486454
2025-08-03,,-92600000.0,238500000.0,2300000.0,4700000.0,,40500000.0,892600000.0,,177500000.0,600100000.0,1652000000.0,830100000.0,-90300000.0,,502696752.0,-230000000.0,,,218000000.0,18142000000.0,20500000.0,,1,0.18577981651376146,,1422000000.0,0.13656224596446406,0.26719695272238403,0.6277074542897327,,MANTA.HE,5.932000160217285,Mandatum Life Insurance Company Ltd,Financials,Capital Markets,0.35309557758988663,7.640994542146751,16.7999843008716,2.1986646120743876,17541900000.0,34.89559049309314,0.16999282936310828,16.65032342962817,0.35626936529423064,,,,0.03420952120351843,,11.634146341463415,-0.18420648160463945,-0.031053013592280836,2981997213.404709,-36.9142695596862,8.953860210141617,7.640994542146751,-232.6647564469914,-20.850701977132314,,-0.2985391367905581,-0.31096779249435036,,-0.3113792396436036
2025-08-03,592386934.6733668,327000000.0,687000000.0,143000000.0,175000000.0,-46000000.0,150000000.0,4817000000.0,862000000.0,260000000.0,1720000000.0,2424000000.0,432000000.0,470000000.0,,827760757.0,1165000000.0,4233000000.0,2854000000.0,597000000.0,7231000000.0,90000000.0,,1,0.25125628140703515,0.5065176908752328,3712000000.0,0.13857406645295442,0.14261988789703134,1.2976831896551724,592386934.6733668,METSO.HE,10.779999732971191,Metso Outotec Oyj,Industrials,Industrial Machinery,0.31410041826856017,-21.011732885091316,34.32023361316935,-1.6333842525440136,5511000000.0,6.657720788761673,1.6191726981353713,6.859434371759082,1.571558112335535,,,,0.31210306659408454,1.4831814996496147,7.633333333333334,0.39504167989930455,0.03664579681677069,8923260739.42403,-0.9459181575159348,-6.147540983606559,-20.972644376899694,127.08333333333334,-4.462141798828323,0.03265481342594678,0.13913223986908707,-0.06623667900568708,-0.05897117986091027,-0.06615584655984419
2025-08-03,25908713.692945957,404000000.0,-96000000.0,1293000000.0,0.0,-1393000000.0,-55000000.0,20721000000.0,-96000000.0,-189000000.0,5344000000.0,7180000000.0,981000000.0,1697000000.0,,768243610.0,3433000000.0,5646000000.0,2957000000.0,-241000000.0,15509000000.0,145000000.0,,1,0.22821576763485477,2.4390243902439024,11543000000.0,-0.006418720116698773,-0.004632981033733893,1.7951139218574028,25908713.692945957,NESTE.HE,13.75,Neste Oyj,Energy,Oil & Gas Refining & Marketing,-0.24601571368748515,98.94014954312131,-55.890738822751324,-0.5648944243650282,10165000000.0,13.23148005096977,1.0391883558780128,,,,,,0.5257255287752091,1.909367602299628,-0.6620689655172414,0.5258748588875344,0.038245444282729774,10563349637.5,0.4167676278168164,-382.3529411764706,98.94736842105263,-209.48509485094854,-363.4601429076169,0.08146844853360902,,,-0.20610127759904673,
2025-08-03,2294663476.8740034,1481000000.0,1613000000.0,555000000.0,1034000000.0,-640000000.0,340000000.0,19246000000.0,2647000000.0,1020000000.0,4100000000.0,19813000000.0,4797000000.0,2036000000.0,,5379095249.0,-697000000.0,14262000000.0,9775000000.0,1254000000.0,36028000000.0,,,1,0.2711323763955343,0.7454831107619796,19116000000.0,0.061501542000104804,0.08380962277875922,1.0068005858966311,2294663476.8740034,NOKIA.HE,3.4700000286102295,Nokia Oyj,Information Technology,Communications Equipment,0.18962296683436178,-20.213584916845996,18.29947124306583,-0.9053055812883076,31928000000.0,5.935570671654414,0.5846110206692292,5.032316734250543,0.6895432485385904,,,,0.12841393134552745,1.4590281329923274,,0.2753251116487155,0.07934441192468406,18665460667.92715,0.1352757544224703,-33.29197684036394,-20.125293657008612,-26.719445818901534,-41.33248645925178,-0.03508935906104582,-0.06736482369975128,-0.10963021635835424,-0.07974380306977069,-0.09922471606082062
2025-08-03,2824945.770065069,-164100000.0,-1400000.0,281400000.0,133900000.0,-151400000.0,-10700000.0,1341800000.0,132500000.0,-35400000.0,988700000.0,1137500000.0,124900000.0,117300000.0,62000000.0,137872287.0,863800000.0,986600000.0,564900000.0,-46100000.0,2441200000.0,44700000.0,,1,0.23210412147505424,28.376344086021504,2001300000.0,-0.0005371779493004167,-0.001043374571471158,0.6704641982711238,2824945.770065069,TYRES.HE,7.784999847412109,Nokian Tyres plc,Consumer Discretionary,Auto Parts & Equipment,-0.2567593587535108,55.260028358517665,-30.320218453597697,-0.5486826437526466,1452500000.0,10.535112107047299,0.7389574755644466,,,0.4496915322801601,0.05776384599797348,-1.751412429378531,0.6806884681583477,1.74650380598336,-0.03131991051454139,-1.1902319426963592,-0.15288785690753948,1073335733.2573586,4.031632811288577,-123.33333333333334,55.263157894736835,-39.82398239823982,-123.32218146000511,-0.059382816844547825,,,,
2025-08-03,107787832.69961977,218000000.0,481400000.0,94900000.0,0.0,181700000.0,95400000.0,1676700000.0,481400000.0,378000000.0,317900000.0,919600000.0,183600000.0,312900000.0,,140693334.0,134300000.0,1007500000.0,540800000.0,473400000.0,1645800000.0,,,1,0.20152091254752852,0.716580310880829,1053900000.0,0.3647289426886989,0.2871115882388024,1.5909479077711357,107787832.69961977,ORNBV.HE,70.30000305175781,Orion Oyj B,Health Care,Pharmaceuticals,2.686694452773434,14.423884140913534,26.165983623179844,1.8140733361106036,1327900000.0,9.43825810539112,7.448408622307389,23.88615923816468,2.9431271202209146,,,,0.23940055727087883,1.8629807692307692,,1.5494692875783298,0.022040813944738318,9890741809.561981,8.707209543568473,14.428333729498455,14.580175810851781,5.56900726392251,22.314766168577837,0.12655178154215685,0.18601721884580114,0.18177420644621112,0.13643663760592495,0.18150034580179675
2025-08-03,,-112000000.0,-19000000.0,,212000000.0,-363000000.0,-47000000.0,5987000000.0,193000000.0,-35000000.0,607000000.0,3657000000.0,354000000.0,99000000.0,,424229832.0,253000000.0,2694000000.0,1623000000.0,-83000000.0,5967000000.0,64000000.0,,1,0.5662650602409639,,3910000000.0,-0.0021076633901334235,-0.0031735426757975613,1.5312020460358056,,OUT1V.HE,3.2839999198913574,Outokumpu Oyj,Materials,Steel,-0.08250244881411357,-12.612245406636092,-39.80487812295783,3.1560500798703135,5360000000.0,12.634660732675679,0.2599199131163291,,,,,,0.11324626865671641,1.6598890942698705,-0.296875,-0.26400783620516344,-0.0803921567129324,1393170734.303524,0.757320767418368,-24.0,-12.5,75.0,-26.167708378270117,-0.046495618062285304,,,,
2025-08-03,7122799.729041666,51711000.0,68137000.0,981000.0,11619000.0,58968000.0,12504000.0,211221000.0,79756000.0,54665000.0,7600000.0,183134000.0,80570000.0,52692000.0,,25391211.0,-72970000.0,148206000.0,38632000.0,67169000.0,242719000.0,,,1,0.18615730470901756,1.2864307155824781,110164000.0,0.5033658883940458,0.3225862958702023,1.9173323408736067,7122799.729041666,QTCOM.HE,58.150001525878906,Qt Group Oyj,Information Technology,Software,2.152910312154863,-4.621907387374813,27.00995076180213,-5.843897010048799,235119000.0,9.25985767279867,6.279794310089415,21.179045520023518,2.745638441113957,,,,0.03232405717955589,3.8363532822530546,,2.036570843352056,0.035022713498050494,1476498958.3939133,1.0322247360843306,-3.541952745650423,-4.621907387374813,-1.3299496260112953,3.126780919735861,0.14911442789555052,0.23349422182522628,0.2497319530615154,0.362137729650468,0.24217546643265475
2025-08-03,,1915000000.0,1546000000.0,,183000000.0,,326000000.0,9602000000.0,,1096000000.0,2979000000.0,7480000000.0,1819000000.0,2061000000.0,,2691238860.0,1160000000.0,,,1471000000.0,25994000000.0,75000000.0,,1,0.22161794697484705,,8640000000.0,0.1392799368028804,0.16100812330764425,1.1113425925925926,,SAMPO.HE,9.368000030517578,Sampo Oyj,Financials,Insurance,0.40724738940489286,-5.025996533795507,23.003216900191692,-4.576846948762267,23015000000.0,8.551823601417528,1.095438875629376,8.852170712169407,1.0582715059526633,,,,0.1294373234846839,,20.613333333333333,0.7115682032028923,0.07595732289548023,25211525722.610092,0.5866331447726747,-5.269607843137258,-5.025996533795496,61.60337552742617,-0.6185520097022668,-0.012903327092890104,-0.1737413777335901,-0.19165608879767926,0.1274897619142923,-0.1884596847992348
2025-08-03,1155250000.0,-205000000.0,99000000.0,923000000.0,489000000.0,-1515000000.0,69000000.0,9372000000.0,588000000.0,-116000000.0,5682000000.0,9952000000.0,1570000000.0,718000000.0,,788619987.0,3632000000.0,5350000000.0,4542000000.0,-103000000.0,19676000000.0,,,1,0.25,-3.433333333333333,14064000000.0,0.005279436860068259,0.01056338028169014,0.6663822525597269,1155250000.0,STERV.HE,9.001999855041504,Stora Enso Oyj R,Materials,Paper Products,-0.14709239166163818,-14.70588235294118,-61.19962938497269,4.161574798178142,13994000000.0,17.74492180097383,0.5073000577859678,,,,,,0.4060311562098042,1.1778952003522678,,-0.2599477611261709,-0.02887666799734384,7099157008.656833,3.569455188418602,-2.941176470588236,-14.70588235294118,27.329192546583858,-5.3220989761092135,-0.020077102274660863,-0.4971180362854156,,,
2025-08-03,364875000.0,255800000.0,-87900000.0,78700000.0,538200000.0,28700000.0,16800000.0,2765100000.0,450300000.0,-244200000.0,942200000.0,1000500000.0,143000000.0,334500000.0,176200000.0,118401578.0,712400000.0,1101700000.0,548900000.0,-133000000.0,2864200000.0,45100000.0,,1,0.25,-6.166189111747851,1799700000.0,-0.03663110518419736,-0.031789085385700334,1.5364227371228538,364875000.0,TIETO.HE,14.84000015258789,Tietoevry Oyj,Information Technology,IT Consulting & Services,-2.0624725119795277,289.4884458569403,-7.1952474839748035,-0.024855042012732205,1922000000.0,16.232891760952715,0.9141932547277039,,,1.4881558419770384,0.10028004222880851,-0.7215397215397216,0.4902185223725286,2.007105119329568,-1.9490022172949002,2.1604441792152467,0.14558249036395698,1757079435.586647,-1.3380432455576963,-405.20833333333337,288.8535031847134,6.538942107455226,-475.6892931229279,-0.005202676896461589,,,-0.028107542365144678,
2025-08-03,548753768.8442211,790000000.0,513000000.0,491000000.0,1091000000.0,523000000.0,32000000.0,10199000000.0,1604000000.0,345000000.0,4066000000.0,10329000000.0,627000000.0,1281000000.0,797000000.0,527324046.0,3439000000.0,4572000000.0,2768000000.0,398000000.0,18186000000.0,115000000.0,,1,0.08040201005025126,4.376299376299376,13768000000.0,0.03426450964876679,0.05029904892636533,0.7407757117954678,548753768.8442211,UPM.HE,22.5,UPM-Kymmene Oyj,Materials,Paper Products,0.6542466679018085,-19.9712201817865,34.39069865217391,-1.7220128935105223,14120000000.0,26.776704205140685,0.840282651203966,19.85365996059988,1.1332923020063732,1.5114046212108445,0.06717353872048198,2.3101449275362316,0.2879603399433428,1.6517341040462428,4.460869565217391,1.4981300511374747,0.06658355782833221,11864791035.0,-1.354096140826,-16.0392798690671,-20.871559633027527,4.497354497354489,-12.416825700801127,0.009666354955532253,-0.24692337182261515,-0.2803115521525277,,-0.2782730393307873
2025-08-03,475302052.7859237,478000000.0,431000000.0,106000000.0,215000000.0,-44000000.0,86000000.0,5249000000.0,646000000.0,255000000.0,1495000000.0,2378000000.0,485000000.0,584000000.0,249000000.0,184211753.0,827000000.0,2877000000.0,2612000000.0,341000000.0,6744000000.0,,,1,0.25219941348973607,0.8028985507246377,3388000000.0,0.09513047602890312,0.0821108782625262,1.5492916174734357,475302052.7859237,VALMT.HE,31.420000076293945,Valmet Oyj,Industrials,Industrial Machinery,1.3842764961907723,-8.951513833957947,22.697777620840164,-2.535635652456368,5249000000.0,28.49438168041319,1.1026735174917588,29.79080921623161,1.0546877007682847,1.3517052845156954,0.04302053727668647,0.9764705882352942,0.2848161554581825,1.1014548238897397,,2.5948398634478007,0.08258560971187201,5787933293.314241,-2.052621757790629,-9.453781512605042,-8.92857142857143,6.9351230425055865,0.49141524977562856,0.07468938441862916,0.01567686849422567,-0.03658785386312857,0.055581552394138534,-0.08562959527031166
2025-08-03,464065876.15283275,1171000000.0,802000000.0,168000000.0,183000000.0,149000000.0,193000000.0,6851000000.0,987000000.0,561000000.0,602000000.0,2503000000.0,1697000000.0,1339000000.0,227000000.0,588436960.0,-1095000000.0,5408000000.0,4430000000.0,759000000.0,7890000000.0,,,1,0.25428194993412384,0.8210180623973727,1408000000.0,0.42476269613127327,0.11706320245219676,4.865767045454546,464065876.15283275,WRT1V.HE,24.06999969482422,Wärtsilä Oyj Abp,Industrials,Industrial Machinery,0.9533731531751507,11.652849716011438,25.247196876333852,2.1666113861953686,7288000000.0,12.385353904350264,1.9434244576870596,16.2995993159974,1.4767233984212411,0.3857677464719415,0.01602691114927157,0.4046345811051693,0.08260153677277716,1.220767494356659,,1.9900177582319099,0.08267626852774013,14163677447.623291,6.233524577453875,6.933333333333325,11.530815109343928,12.813102119460495,33.761543094839695,0.09427620480044552,0.25626026706577276,0.3040381074927436,0.18743651564311326,0.30491614416945967
